FIPS,State,County,Deaths,Years of Potential Life Lost Rate,95% CI - Low,95% CI - High,Quartile,YPLL Rate (AIAN),YPLL Rate (AIAN) 95% CI - Low,YPLL Rate (AIAN) 95% CI - High,YPLL Rate (Asian),YPLL Rate (Asian) 95% CI - Low,YPLL Rate (Asian) 95% CI - High,YPLL Rate (Black),YPLL Rate (Black) 95% CI - Low,YPLL Rate (Black) 95% CI - High,YPLL Rate (Hispanic),YPLL Rate (Hispanic) 95% CI - Low,YPLL Rate (Hispanic) 95% CI - High,YPLL Rate (White),YPLL Rate (White) 95% CI - Low,YPLL Rate (White) 95% CI - High,% Fair or Poor Health,95% CI - Low,95% CI - High,Quartile,Average Number of Physically Unhealthy Days,95% CI - Low,95% CI - High,Quartile,Average Number of Mentally Unhealthy Days,95% CI - Low,95% CI - High,Quartile,Unreliable,% Low Birthweight,95% CI - Low,95% CI - High,Quartile,% LBW (AIAN),% LBW (AIAN) 95% CI - Low,% LBW (AIAN) 95% CI - High,% LBW (Asian),% LBW (Asian) 95% CI - Low,% LBW (Asian) 95% CI - High,% LBW (Black),% LBW (Black) 95% CI - Low,% LBW (Black) 95% CI - High,% LBW (Hispanic),% LBW (Hispanic) 95% CI - Low,% LBW (Hispanic) 95% CI - High,% LBW (White),% LBW (White) 95% CI - Low,% LBW (White) 95% CI - High,% Smokers,95% CI - Low,95% CI - High,Quartile,% Adults with Obesity,95% CI - Low,95% CI - High,Quartile,Food Environment Index,Quartile,% Physically Inactive,95% CI - Low,95% CI - High,Quartile,% With Access to Exercise Opportunities,Quartile,% Excessive Drinking,95% CI - Low,95% CI - High,Quartile,# Alcohol-Impaired Driving Deaths,# Driving Deaths,% Driving Deaths with Alcohol Involvement,95% CI - Low,95% CI - High,Quartile,# Chlamydia Cases,Chlamydia Rate,Quartile,Teen Birth Rate,95% CI - Low,95% CI - High,Quartile,Teen Birth Rate (AIAN),Teen Birth Rate (AIAN) 95% CI - Low,Teen Birth Rate (AIAN) 95% CI - High,Teen Birth Rate (Asian),Teen Birth Rate (Asian) 95% CI - Low,Teen Birth Rate (Asian) 95% CI - High,Teen Birth Rate (Black),Teen Birth Rate (Black) 95% CI - Low,Teen Birth Rate (Black) 95% CI - High,Teen Birth Rate (Hispanic),Teen Birth Rate (Hispanic) 95% CI - Low,Teen Birth Rate (Hispanic) 95% CI - High,Teen Birth Rate (White),Teen Birth Rate (White) 95% CI - Low,Teen Birth Rate (White) 95% CI - High,# Uninsured,% Uninsured,95% CI - Low,95% CI - High,Quartile,# Primary Care Physicians,Primary Care Physicians Rate,Primary Care Physicians Ratio,Quartile,# Dentists,Dentist Rate,Dentist Ratio,Quartile,# Mental Health Providers,Mental Health Provider Rate,Mental Health Provider Ratio,Quartile,Preventable Hospitalization Rate,Quartile,Preventable Hosp. Rate (AIAN),Preventable Hosp. Rate (Asian),Preventable Hosp. Rate (Black),Preventable Hosp. Rate (Hispanic),Preventable Hosp. Rate (White),% With Annual Mammogram,Quartile,% Screened (AIAN),% Screened (Asian),% Screened (Black),% Screened (Hispanic),% Screened (White),% Vaccinated,Quartile,% Vaccinated (AIAN),% Vaccinated (Asian),% Vaccinated (Black),% Vaccinated (Hispanic),% Vaccinated (White),Cohort Size,High School Graduation Rate,Quartile,# Some College,Population,% Some College,95% CI - Low,95% CI - High,Quartile,# Unemployed,Labor Force,% Unemployed,Quartile,% Children in Poverty,95% CI - Low,95% CI - High,Quartile,% Children in Poverty (AIAN),% Children in Poverty (Asian),% Children in Poverty (Black),% Children in Poverty (Hispanic),% Children in Poverty (White),80th Percentile Income,20th Percentile Income,Income Ratio,Quartile,# Single-Parent Households,# Households,% Single-Parent Households,95% CI - Low,95% CI - High,Quartile,# Associations,Social Association Rate,Quartile,Annual Average Violent Crimes,Violent Crime Rate,Quartile,# Injury Deaths,Injury Death Rate,95% CI - Low,95% CI - High,Quartile,Injury Death Rate (AIAN),Injury Death Rate (AIAN) 95% CI - Low,Injury Death Rate (AIAN) 95% CI - High,Injury Death Rate (Asian),Injury Death Rate (Asian) 95% CI - Low,Injury Death Rate (Asian) 95% CI - High,Injury Death Rate (Black),Injury Death Rate (Black) 95% CI - Low,Injury Death Rate (Black) 95% CI - High,Injury Death Rate (Hispanic),Injury Death Rate (Hispanic) 95% CI - Low,Injury Death Rate (Hispanic) 95% CI - High,Injury Death Rate (White),Injury Death Rate (White) 95% CI - Low,Injury Death Rate (White) 95% CI - High,Average Daily PM2.5,Quartile,Presence of Water Violation,Quartile,% Severe Housing Problems,95% CI - Low,95% CI - High,Severe Housing Cost Burden,Severe Housing Cost Burden 95% CI - Low,Severe Housing Cost Burden 95% CI - High,Overcrowding,Overcrowding 95% CI - Low,Overcrowding 95% CI - High,Inadequate Facilities,Inadequate Facilities 95% CI - Low,Inadequate Facilities 95% CI - High,Quartile,% Drive Alone to Work,95% CI - Low,95% CI - High,Quartile,% Drive Alone (AIAN),% Drive Alone (AIAN) 95% CI - Low,% Drive Alone (AIAN) 95% CI - High,% Drive Alone (Asian),% Drive Alone (Asian) 95% CI - Low,% Drive Alone (Asian) 95% CI - High,% Drive Alone (Black),% Drive Alone (Black) 95% CI - Low,% Drive Alone (Black) 95% CI - High,% Drive Alone (Hispanic),% Drive Alone (Hispanic) 95% CI - Low,% Drive Alone (Hispanic) 95% CI - High,% Drive Alone (White),% Drive Alone (White) 95% CI - Low,% Drive Alone (White) 95% CI - High,# Workers who Drive Alone,% Long Commute - Drives Alone,95% CI - Low,95% CI - High,Quartile
47000,Tennessee,,106691,9285,9202,9368,,,,,,,,,,,,,,,,,20,18,21,,4.2,4.0,4.5,,4.4,4.0,4.7,,,9,9,9,,,,,,,,,,,,,,,,,23,21,24,,33,,,,6.4,,27,,,,70,,14,13,16,,1264,5027,25,24,26,,35087,522.4,,31,31,31,,,,,,,,,,,,,,,,,621332,11,11,12,,4812,72,1396:1,,3648,54,1856:1,,10280,152,659:1,,5320,,,,,,,41,,,,,,,49,,,,,,,71587,90,,1051836,1731187,61,60,61,,113266,3244928,3.5,,22,21,23,,,,,,,101453,21282,4.8,,525144,1486677,35,35,36,,7617,11.3,,40973,621,,29478,89,88,90,,,,,,,,,,,,,,,,,10.0,,,,15,14,15,,,,,,,,,,,83,83,84,,,,,,,,,,,,,,,,,3003226,35,34,35,
47001,Tennessee,Anderson,1369,10009,9172,10846,2,,,,,,,11583,7757,16635,,,,10272,9375,11170,19,18,20,1,4.3,4.1,4.5,1,4.7,4.5,4.9,2,,9,8,10,3,,,,,,,11,7,16,,,,9,8,10,21,20,22,1,33,26,41,2,7.5,3,26,20,33,1,66,1,14,14,15,3,15,57,26,19,34,3,294,385.5,3,34,31,37,2,,,,,,,32,22,45,25,14,42,35,32,39,6218,10,9,12,1,41,54,1860:1,1,53,69,1443:1,1,70,92,1093:1,2,4916,1,,,5116,,4950,48,1,,52,63,62,48,56,1,,71,50,56,56,859,92,3,10238,17800,58,53,62,1,1288,34283,3.8,2,22,15,28,2,,18,22,38,20,99106,21053,4.7,3,5614,15668,36,31,41,3,114,14.9,1,251,401,3,402,106,95,116,3,,,,,,,98,57,156,,,,109,98,120,10.3,3,No,1,13,12,15,12,10,13,1,1,2,1,1,1,3,87,86,88,4,,,,87,77,97,87,83,90,80,63,96,90,89,92,32206,36,32,39,2
47003,Tennessee,Bedford,859,10294,9268,11319,2,,,,,,,12221,8844,16461,6844,4583,9829,10426,9226,11626,22,21,23,3,4.6,4.4,4.8,2,4.8,4.6,5.0,2,,9,8,10,3,,,,,,,14,11,18,6,4,7,9,8,10,23,22,23,3,34,26,42,2,7.9,2,32,25,40,3,49,3,16,15,16,4,17,42,40,33,48,4,204,424.0,3,42,38,46,3,,,,,,,32,22,47,50,40,61,42,37,47,5801,14,13,16,4,17,35,2830:1,3,13,27,3772:1,3,33,67,1486:1,2,5695,3,,,5596,13851,5537,44,1,,,55,31,44,44,3,,,34,33,45,571,91,3,5031,12185,41,36,46,3,772,20592,3.7,2,23,16,29,2,,,28,24,20,90048,23218,3.9,1,4406,12145,36,30,43,4,39,8.1,3,200,425,3,199,83,72,95,1,,,,,,,51,24,93,38,19,69,95,81,109,10.5,4,Yes,4,15,12,17,12,10,14,3,2,5,0,0,1,4,80,77,83,1,,,,,,,84,71,98,64,54,74,80,76,84,21250,35,31,38,2
47005,Tennessee,Benton,428,14479,12233,16726,4,,,,,,,,,,,,,,,,23,22,24,4,5.0,4.8,5.2,4,5.1,4.8,5.3,4,,9,7,10,2,,,,,,,,,,,,,,,,24,23,25,3,35,26,44,3,7.4,3,29,22,38,2,48,3,12,12,13,1,7,24,29,18,40,3,49,306.5,2,46,39,54,4,,,,,,,,,,,,,,,,1489,12,10,14,3,3,19,5329:1,4,3,19,5395:1,4,7,43,2312:1,3,5854,3,,,9855,,5800,34,4,,,,,,47,2,,,34,50,47,166,96,1,1548,3276,47,39,55,2,336,6848,4.9,4,30,20,40,4,,,,,,70582,14542,4.9,3,1071,3078,35,25,45,3,20,12.5,1,25,152,1,130,162,134,189,4,,,,,,,,,,,,,,,,10.0,2,No,1,16,13,19,13,10,16,3,1,5,2,0,3,4,87,82,93,4,,,,,,,,,,,,,,,,5448,28,23,33,1
47007,Tennessee,Bledsoe,229,8126,6427,9824,1,,,,,,,,,,,,,,,,23,22,23,3,4.7,4.5,4.9,3,4.8,4.5,5.0,2,,7,5,9,1,,,,,,,,,,,,,,,,25,24,26,4,33,24,42,2,7.9,2,26,18,35,1,24,4,15,14,15,4,4,10,40,23,56,4,142,964.9,4,42,34,51,3,,,,,,,,,,,,,,,,1422,15,13,17,4,1,7,14717:1,4,3,20,4918:1,4,4,27,3689:1,4,5664,3,,,,,,40,2,,,,,,39,4,,,,,,124,85,4,1539,4045,38,30,46,4,250,4303,5.8,4,35,25,45,4,,,,49,24,90457,16823,5.4,4,612,2304,27,18,35,1,6,4.1,4,24,173,1,66,91,70,116,2,,,,,,,,,,,,,,,,9.4,1,No,1,17,12,21,11,8,15,4,1,6,2,0,4,4,77,73,80,1,,,,,,,,,,,,,,,,5603,53,43,62,4
47009,Tennessee,Blount,2049,8842,8235,9448,1,,,,,,,8219,5545,11733,,,,9159,8504,9814,20,19,21,1,4.3,4.1,4.5,1,4.5,4.3,4.8,1,,8,7,9,1,,,,,,,11,7,15,5,3,7,8,7,9,21,21,22,2,33,27,40,2,7.7,3,25,19,31,1,68,1,15,14,16,4,32,109,29,24,34,3,427,328.6,3,28,27,31,1,,,,,,,31,22,44,35,25,48,28,26,31,10561,10,9,12,1,90,69,1444:1,1,76,58,1728:1,1,163,124,806:1,1,5193,2,,,4600,,5217,46,1,,41,54,45,46,54,1,,52,46,43,54,1330,94,2,17744,30155,59,55,62,1,2009,62275,3.2,1,14,9,18,1,,14,29,35,14,102565,24415,4.2,1,7123,26310,27,23,31,1,137,10.5,2,449,354,3,546,85,78,92,2,,,,,,,48,23,88,,,,89,82,97,10.1,3,No,1,13,11,14,11,10,13,1,1,2,1,0,1,2,87,85,88,4,,,,,,,89,84,95,85,69,100,87,86,88,59126,35,33,38,2
47011,Tennessee,Bradley,1599,8125,7525,8726,1,,,,,,,8516,6084,11597,,,,8435,7771,9099,22,21,22,3,4.6,4.4,4.7,2,4.7,4.5,4.9,2,,9,8,9,2,,,,,,,12,9,15,7,5,9,9,8,9,22,21,23,2,38,33,43,4,7.3,4,33,28,37,3,77,1,14,13,14,3,18,65,28,21,34,3,394,373.2,3,31,29,34,2,,,,,,,30,22,40,45,36,56,31,29,33,11377,13,12,15,4,57,54,1852:1,1,49,46,2178:1,1,100,94,1067:1,1,5610,2,,,8859,5318,5491,43,1,,16,46,36,43,45,3,,37,39,34,45,1186,91,3,14870,26099,57,53,61,1,1803,50258,3.6,2,21,16,26,1,,4,14,45,22,92993,21734,4.3,2,7398,23023,32,27,37,2,147,13.9,1,576,554,4,404,77,70,85,1,,,,,,,66,39,105,38,20,67,82,74,90,10.7,4,No,1,15,13,17,12,10,14,3,2,3,1,1,2,4,82,80,84,1,,,,,,,77,69,86,82,73,92,83,82,85,46836,27,24,29,1
47013,Tennessee,Campbell,997,13905,12558,15253,4,,,,,,,,,,,,,,,,22,21,22,3,4.7,4.5,5.0,3,5.0,4.7,5.3,4,,10,9,11,4,,,,,,,,,,,,,,,,24,23,25,4,33,25,41,2,7.1,4,30,22,38,2,65,2,13,12,14,2,11,50,22,15,30,2,111,280.0,2,47,42,52,4,,,,,,,,,,,,,,,,3847,12,11,14,3,19,48,2087:1,2,12,30,3299:1,3,20,51,1979:1,3,7669,4,,,,,,43,1,,,,,,42,4,,,,,,460,94,3,3902,9318,42,36,47,3,702,14752,4.8,4,28,18,37,4,,,,42,27,78901,15326,5.1,4,2920,7941,37,31,43,4,41,10.3,2,167,419,3,229,115,100,130,4,,,,,,,,,,,,,,,,9.7,1,Yes,4,13,11,15,12,10,14,1,0,1,1,0,1,2,83,79,86,2,,,,,,,,,,,,,,,,14949,38,34,43,3
47015,Tennessee,Cannon,289,11229,9239,13219,3,,,,,,,,,,,,,,,,20,19,20,1,4.4,4.2,4.6,2,4.8,4.6,5.0,2,,9,8,11,3,,,,,,,,,,,,,,,,22,21,23,2,37,27,48,4,8.4,1,28,19,40,2,21,4,15,14,15,4,6,16,38,24,50,4,49,344.7,3,37,30,45,3,,,,,,,,,,,,,,,,1381,12,10,14,3,3,21,4739:1,4,4,28,3616:1,3,2,14,7231:1,4,7375,4,,,,,,43,1,,,,,,45,3,,,50,,45,137,93,3,1366,3446,40,32,47,4,201,6368,3.2,1,22,15,29,2,,,,11,27,86270,20881,4.1,1,879,2967,30,20,39,2,12,8.4,3,25,177,1,98,139,113,170,4,,,,,,,,,,,,,,,,9.7,1,No,1,11,8,15,8,5,11,2,1,4,1,0,2,1,86,84,89,3,,,,,,,,,,,,,,,,6224,60,52,69,4
47017,Tennessee,Carroll,584,10179,8852,11506,2,,,,,,,,,,,,,,,,21,20,22,2,4.5,4.3,4.7,2,4.8,4.5,5.0,2,,7,6,9,1,,,,,,,12,7,17,12,5,18,7,6,8,23,22,24,3,30,23,37,1,7.6,3,32,25,39,3,24,4,13,12,14,1,6,26,23,13,34,2,136,488.2,4,31,26,35,2,,,,,,,26,17,39,58,32,95,30,26,35,2295,11,9,12,1,14,50,1990:1,2,7,25,4003:1,3,14,50,2001:1,3,6181,3,,,6569,6202,6131,39,2,,,34,,39,52,1,,,44,,53,314,96,1,3189,6238,51,45,58,2,591,11940,4.9,4,28,20,35,3,,,35,34,21,79836,16981,4.7,3,2166,5934,37,27,46,4,33,11.8,2,72,254,1,136,97,81,113,3,,,,,,,85,45,146,,,,102,84,120,10.2,3,No,1,14,12,17,12,10,15,2,1,3,1,0,1,3,87,86,87,4,,,,,,,,,,,,,,,,10635,32,28,37,2
47019,Tennessee,Carter,1091,9602,8684,10520,2,,,,,,,,,,,,,,,,24,23,25,4,5.0,4.7,5.2,4,5.2,4.9,5.4,4,,9,8,10,3,,,,,,,,,,10,5,16,9,8,10,25,24,26,4,38,32,44,4,6.1,4,29,23,35,2,81,1,13,12,14,1,12,29,41,32,50,4,133,235.4,1,30,27,33,1,,,,,,,,,,40,19,73,31,27,34,5222,12,10,14,3,21,37,2690:1,3,16,28,3522:1,3,17,30,3315:1,3,5715,3,,,,,,44,1,,,,,,44,3,,,36,,44,637,94,3,6751,13458,50,46,55,2,992,24002,4.1,3,29,22,37,4,75,,33,41,35,70625,15317,4.6,3,3853,10564,36,31,42,4,78,13.8,1,154,271,2,260,92,81,103,2,,,,,,,,,,,,,,,,9.4,1,No,1,15,13,17,13,11,14,1,1,2,1,1,2,4,86,85,87,3,,,,,,,,,,,,,,,,22560,30,27,33,1
47021,Tennessee,Cheatham,731,10215,9115,11316,2,,,,,,,,,,,,,,,,18,17,18,1,4.1,3.9,4.3,1,4.4,4.2,4.6,1,,9,8,10,2,,,,,,,,,,,,,,,,20,19,21,1,32,23,43,2,8.8,1,19,13,27,1,49,3,16,15,16,4,10,35,29,20,38,3,108,267.8,2,27,24,31,1,,,,,,,,,,,,,,,,3506,10,9,12,1,22,55,1833:1,1,7,17,5777:1,4,28,69,1444:1,2,5212,2,,,9702,,5239,33,4,,,38,,34,48,2,,,39,45,48,506,90,4,5652,10127,56,51,61,1,587,21459,2.7,1,13,9,18,1,,,,21,14,103373,28568,3.6,1,2781,8983,31,24,37,2,35,8.7,3,113,283,2,258,129,113,145,4,,,,,,,,,,,,,,,,10.6,4,No,1,12,10,15,11,9,13,2,1,3,0,0,1,2,84,81,86,2,,,,,,,,,,,,,,,,19326,61,56,65,4
47023,Tennessee,Chester,271,7781,6416,9147,1,,,,,,,,,,,,,,,,20,19,20,1,4.4,4.2,4.6,2,4.6,4.4,4.8,1,,6,5,7,1,,,,,,,11,6,17,,,,6,4,7,22,21,23,2,31,24,41,1,7.7,3,30,22,39,2,34,4,14,13,15,3,1,11,9,0,28,1,60,350.5,3,23,19,28,1,,,,,,,,,,,,,,,,1558,12,10,14,3,5,29,3424:1,4,5,29,3455:1,3,15,87,1152:1,2,6816,4,,,13295,,6343,35,3,,,30,,36,46,3,,,36,,46,210,94,2,2223,3880,57,48,67,1,318,8422,3.8,2,22,15,29,2,,,55,39,21,86522,18870,4.6,2,1191,3841,31,21,41,2,16,9.3,3,46,263,2,79,91,72,114,2,,,,,,,,,,,,,,,,9.7,1,No,1,13,9,16,12,9,16,2,0,3,1,0,1,2,85,80,89,2,,,,,,,,,,,,,,,,6849,39,32,47,3
47025,Tennessee,Claiborne,700,11589,10271,12906,4,,,,,,,,,,,,,,,,22,21,23,3,4.7,4.5,4.9,3,4.8,4.6,5.0,2,,10,9,11,4,,,,,,,,,,,,,,,,23,22,24,3,26,19,34,1,7.1,4,30,23,39,2,54,2,14,13,15,3,6,34,18,9,27,1,96,303.7,2,35,31,40,2,,,,,,,,,,,,,,,,2834,12,10,13,2,19,60,1664:1,1,6,19,5293:1,4,5,16,6351:1,4,4486,1,,,,,,37,3,,,,,,41,4,,,25,,41,312,92,3,4040,7597,53,47,59,2,549,12973,4.2,3,35,27,43,4,,,,23,37,69897,13543,5.2,4,2021,5910,34,26,43,3,19,6.0,4,100,317,2,191,121,103,138,4,,,,,,,,,,,,,,,,10.0,2,No,1,14,11,16,13,10,15,1,1,2,1,0,2,3,87,84,90,4,,,,,,,,,,,,,,,,11510,32,27,36,2
47027,Tennessee,Clay,172,13807,10189,17424,4,,,,,,,,,,,,,,,,25,24,26,4,5.2,4.9,5.4,4,5.4,5.1,5.7,4,,10,7,13,4,,,,,,,,,,,,,,,,25,24,26,4,31,22,41,1,7.8,2,32,22,43,3,26,4,12,11,13,1,2,8,25,7,46,2,12,155.8,1,30,21,40,1,,,,,,,,,,,,,,,,839,15,12,17,4,3,39,2568:1,3,1,13,7717:1,4,,,,2,8499,4,,,,,,33,4,,,,,,46,3,,,,,,62,100,1,636,1510,42,31,54,3,142,2857,5.0,4,31,21,41,4,,,,,,65770,12458,5.3,4,425,1529,28,16,39,1,4,5.2,4,22,283,2,65,168,130,214,4,,,,,,,,,,,,,,,,9.9,2,No,1,13,8,17,10,6,15,2,0,5,2,0,4,2,86,79,94,4,,,,,,,,,,,,,,,,2701,46,35,57,3
47029,Tennessee,Cocke,909,14176,12673,15678,4,,,,,,,,,,,,,,,,25,24,26,4,5.2,4.9,5.4,4,5.3,5.1,5.6,4,,9,8,10,3,,,,,,,,,,,,,,,,24,23,25,4,37,28,45,3,6.7,4,34,26,42,3,38,4,13,12,13,1,19,43,44,37,51,4,110,309.4,2,50,45,56,4,,,,,,,,,,42,20,78,52,46,57,3395,12,10,14,3,18,51,1975:1,2,7,20,5111:1,4,17,48,2104:1,3,5150,2,,,,,,44,1,,,43,,44,46,3,,,45,36,46,381,93,3,3035,7794,39,33,45,4,696,14847,4.7,4,36,25,46,4,81,,47,45,39,75852,13797,5.5,4,3385,7334,46,37,55,4,36,10.1,2,215,608,4,198,112,96,127,4,,,,,,,,,,,,,,,,9.6,1,No,1,14,11,17,13,10,16,2,1,2,0,0,1,3,84,80,88,2,,,,,,,,,,,,,,,,13838,45,39,50,3
47031,Tennessee,Coffee,1038,10315,9381,11249,2,,,,,,,,,,,,,,,,20,20,21,2,4.4,4.2,4.5,2,4.6,4.4,4.8,2,,9,8,10,3,,,,19,9,28,12,7,17,7,5,10,9,8,10,22,22,23,2,32,26,39,2,7.8,2,32,26,38,3,73,1,15,15,16,4,20,69,29,23,35,3,155,281.6,2,43,39,47,4,,,,,,,33,21,50,62,45,83,43,39,47,4939,11,10,12,2,37,67,1487:1,1,43,77,1295:1,1,121,217,460:1,1,7144,4,,,8044,4696,7157,39,2,,33,30,58,39,49,2,,45,39,39,49,721,90,4,6540,13246,49,44,54,2,872,25484,3.4,1,25,19,31,3,,,26,54,18,88914,22479,4.0,1,3881,13103,30,24,35,2,57,10.4,2,248,458,3,270,99,87,111,3,,,,,,,,,,,,,,,,10.2,3,No,1,13,11,15,10,8,12,3,2,4,1,0,2,2,86,83,88,3,,,,,,,89,79,100,,,,88,86,91,23200,33,29,36,2
47033,Tennessee,Crockett,282,10580,8605,12555,3,,,,,,,,,,,,,,,,25,24,25,4,4.8,4.6,5.0,4,4.9,4.7,5.1,3,,8,7,10,1,,,,,,,9,4,14,,,,8,7,10,23,22,24,3,40,30,52,4,8.2,1,42,31,53,4,3,4,13,12,13,1,4,15,27,13,41,3,60,414.6,3,38,32,45,3,,,,,,,31,18,52,55,36,81,36,29,45,1669,14,12,16,4,,,,2,7,49,2047:1,1,1,7,14328:1,4,6285,3,,,7812,,5961,36,3,,,39,,36,43,4,,,35,27,44,210,98,1,1514,3391,45,38,51,3,271,7019,3.9,2,25,18,33,3,,,47,39,22,81219,19231,4.2,1,1336,3398,39,31,47,4,25,17.3,1,59,404,3,60,83,63,107,1,,,,,,,,,,,,,,,,10.1,3,No,1,14,11,18,11,8,14,2,1,4,1,0,2,4,90,88,93,4,,,,,,,86,50,100,,,,87,84,90,5977,32,27,36,2
47035,Tennessee,Cumberland,1111,9915,8875,10956,2,,,,,,,,,,,,,,,,21,20,22,2,4.5,4.3,4.7,2,4.6,4.4,4.8,1,,8,7,9,1,,,,,,,,,,7,3,10,8,7,9,20,19,21,1,34,28,41,3,7.8,2,28,22,34,2,63,2,12,11,13,1,15,60,25,18,32,2,164,277.6,2,46,42,50,4,,,,,,,,,,37,22,59,47,42,51,5144,13,11,14,4,40,68,1477:1,1,18,30,3315:1,3,19,32,3141:1,3,3918,1,,,,,,50,1,,33,62,38,50,49,2,,48,49,39,49,540,90,4,5118,11396,45,40,50,3,1017,23336,4.4,3,24,17,32,3,,,,57,22,80736,20165,4.0,1,4326,10418,42,34,49,4,53,9.0,3,173,297,2,298,101,90,113,3,,,,,,,,,,,,,,,,9.3,1,Yes,4,12,10,14,10,8,12,1,1,2,1,0,2,2,84,81,86,2,,,,,,,,,,,,,,,,20914,26,23,29,1
47037,Tennessee,Davidson,8725,8404,8165,8643,1,,,,3851,2975,4727,11386,10849,11924,4727,4147,5308,7657,7360,7954,17,16,17,1,4.0,3.9,4.1,1,4.2,4.1,4.4,1,,9,9,9,3,,,,9,8,10,14,13,14,6,6,7,7,7,7,18,18,19,1,30,27,33,1,7.3,4,23,20,26,1,91,1,16,15,16,4,107,365,29,27,32,3,4567,660.7,4,29,28,30,1,,,,11,9,14,34,33,36,61,58,65,17,16,18,82893,14,13,15,4,653,94,1059:1,1,535,77,1295:1,1,2202,318,315:1,1,5642,2,,2275,7477,6195,5165,40,2,,29,40,26,41,49,2,25,46,38,35,53,5508,80,4,162463,228586,71,70,73,1,10438,396574,2.6,1,25,22,28,3,7,22,40,39,13,112011,25223,4.4,2,57892,143990,40,38,42,4,926,13.4,1,7454,1105,4,3134,92,89,95,2,116,58,207,30,21,41,85,80,91,37,31,44,108,103,112,10.6,4,No,1,17,16,18,14,14,15,3,2,3,1,1,1,4,79,78,79,1,90,79,100,72,67,76,79,77,81,72,69,75,83,83,84,365300,35,34,36,2
47039,Tennessee,Decatur,237,8881,7028,10734,1,,,,,,,,,,,,,,,,23,22,24,4,4.8,4.5,5.0,3,5.0,4.7,5.2,4,,8,7,10,2,,,,,,,,,,,,,,,,23,22,24,3,32,24,41,2,7.7,3,35,27,44,4,48,3,13,12,13,1,7,19,37,25,49,4,30,255.3,2,33,25,41,2,,,,,,,,,,,,,,,,1082,12,10,14,3,4,34,2938:1,3,5,43,2341:1,2,12,103,976:1,1,6903,4,,,,,,35,3,,,,,,47,2,,,28,,47,119,95,2,1199,2426,49,40,59,2,226,4734,4.8,4,24,16,32,2,,,32,,27,78961,15008,5.3,4,698,2479,28,18,38,1,8,6.8,4,30,257,2,58,99,75,128,3,,,,,,,,,,,,,,,,9.7,1,Yes,4,12,9,16,11,8,15,0,0,1,1,0,2,2,84,80,88,2,,,,,,,,,,,,,,,,4406,34,28,41,2
47041,Tennessee,DeKalb,412,11778,10037,13519,4,,,,,,,,,,,,,,,,22,21,22,3,4.6,4.4,4.9,3,4.8,4.6,5.0,3,,9,8,11,4,,,,,,,,,,8,4,12,10,8,11,23,22,24,3,30,22,39,1,8.2,1,26,19,35,1,34,4,15,14,15,4,5,22,23,12,35,2,74,372.8,3,41,35,48,3,,,,,,,,,,38,21,63,43,36,50,2287,14,12,16,4,8,40,2482:1,3,4,20,5035:1,4,8,40,2517:1,3,4083,1,,,,,,38,3,,,,,,52,1,,,,,,196,95,2,1860,4884,38,31,45,4,343,7730,4.4,3,24,16,32,3,,,,36,24,91734,18925,4.8,3,1419,4151,34,24,44,3,17,8.6,3,59,303,2,116,119,97,140,4,,,,,,,,,,,,,,,,9.7,1,Yes,4,12,9,15,9,6,12,3,1,5,0,0,0,1,85,80,89,3,,,,,,,,,,,,,,,,7805,42,37,48,3
47043,Tennessee,Dickson,959,10407,9409,11405,3,,,,,,,16592,11273,23550,,,,10252,9207,11297,19,18,20,1,4.3,4.1,4.5,1,4.6,4.4,4.9,2,,8,7,9,1,,,,,,,17,11,23,,,,7,7,8,21,20,22,2,27,19,35,1,8.1,1,26,19,34,1,68,1,15,14,15,3,14,61,23,16,30,2,155,293.3,2,34,30,37,2,,,,,,,38,24,57,41,25,66,33,30,37,4808,11,9,12,1,19,36,2782:1,3,35,65,1527:1,1,53,99,1008:1,1,6729,4,,,6207,,6732,38,3,,,46,,37,50,2,,,37,23,51,599,96,1,6226,13021,48,43,53,2,793,26257,3.0,1,20,15,26,1,,,26,21,17,96938,22795,4.3,2,3159,12194,26,21,31,1,45,8.5,3,255,497,4,287,110,97,123,3,,,,,,,90,45,161,,,,114,100,128,10.2,3,No,1,13,11,15,10,8,12,3,2,4,1,0,1,2,82,80,85,1,,,,,,,,,,,,,,,,22573,48,44,53,4
47045,Tennessee,Dyer,800,11277,10073,12480,4,,,,,,,14337,10808,17865,,,,11015,9678,12352,21,20,22,2,4.6,4.4,4.8,2,4.8,4.6,5.0,3,,11,10,12,4,,,,,,,18,15,21,7,3,12,9,8,10,23,22,24,3,40,33,47,4,6.7,4,34,27,41,4,62,2,14,13,14,2,9,37,24,16,33,2,238,635.3,4,44,39,48,4,,,,,,,58,47,71,32,16,57,41,36,46,2995,10,8,11,1,16,43,2341:1,2,20,54,1866:1,1,20,54,1866:1,3,8305,4,,,9396,,8328,35,3,,,39,,34,49,2,,,38,31,50,487,96,1,4877,8983,54,48,61,1,742,16239,4.6,3,26,18,34,3,,,27,19,23,84944,18881,4.5,2,3511,8750,40,32,48,4,47,12.5,1,294,771,4,125,66,55,78,1,,,,,,,36,17,66,,,,75,61,89,10.2,3,No,1,12,10,15,9,7,12,3,2,4,1,0,2,2,88,86,90,4,,,,,,,94,87,100,,,,89,87,91,15714,21,17,24,1
47047,Tennessee,Fayette,643,8054,6992,9115,1,,,,,,,10842,8620,13065,,,,7026,5819,8233,21,20,22,2,4.1,4.0,4.3,1,4.4,4.2,4.5,1,,9,8,10,3,,,,,,,15,12,17,9,4,15,7,6,8,20,20,21,1,35,27,43,3,8.0,2,25,19,33,1,48,3,13,12,14,1,9,36,25,16,34,2,216,539.5,4,25,21,29,1,,,,,,,38,31,46,,,,18,14,22,3474,11,10,12,2,14,35,2860:1,3,11,27,3682:1,3,3,7,13502:1,4,5370,2,,,7714,,4997,34,4,,,42,,33,51,1,,,36,,54,209,90,4,5171,8926,58,52,63,1,700,18769,3.7,2,21,15,27,1,,,42,54,11,115577,22172,5.2,4,2545,7827,33,28,38,2,38,9.5,3,101,258,2,155,78,66,90,1,,,,,,,69,49,95,,,,84,68,99,10.0,2,No,1,13,11,14,11,9,13,1,1,2,1,0,1,2,88,86,89,4,,,,,,,75,55,94,,,,80,77,83,17404,61,57,65,4
47049,Tennessee,Fentress,431,10798,9073,12522,3,,,,,,,,,,,,,,,,25,23,26,4,5.2,4.9,5.4,4,5.3,5.0,5.5,4,,9,7,10,2,,,,,,,,,,,,,,,,25,24,26,4,27,20,35,1,8.1,1,30,23,38,2,55,2,12,12,13,1,3,19,16,5,30,1,32,176.4,1,39,32,45,3,,,,,,,,,,,,,,,,1723,12,11,14,3,8,44,2267:1,2,2,11,9109:1,4,5,27,3643:1,4,10493,4,,,,,,34,4,,,,,,48,2,,,,,,230,95,2,1446,3739,39,30,48,4,299,7162,4.2,3,30,20,40,4,,,,12,27,67854,14407,4.7,3,857,3848,22,15,30,1,12,6.6,4,30,167,1,77,85,67,107,2,,,,,,,,,,,,,,,,9.1,1,Yes,4,12,9,16,10,7,13,2,1,4,1,0,1,2,81,80,81,1,,,,,,,,,,,,,,,,6525,35,28,42,2
47051,Tennessee,Franklin,730,9255,8090,10420,1,,,,,,,,,,,,,,,,20,19,21,1,4.3,4.1,4.5,1,4.5,4.3,4.8,1,,8,7,9,2,,,,,,,15,8,21,9,4,14,8,7,9,22,21,23,2,36,29,43,3,7.9,2,28,22,35,2,55,2,15,14,16,4,9,35,26,17,35,2,92,220.9,1,26,23,29,1,,,,,,,26,15,42,,,,27,24,31,3340,11,9,12,1,28,67,1488:1,1,13,31,3222:1,3,20,48,2095:1,3,5396,2,,,7155,,5300,41,2,,,46,,41,52,1,,,47,41,53,424,93,3,4780,9202,52,46,58,2,672,19948,3.4,1,21,15,27,2,,,9,22,17,92315,20127,4.6,3,2302,8392,27,22,33,1,45,10.8,2,158,382,3,186,89,77,102,2,,,,,,,,,,,,,,,,10.2,3,No,1,11,9,13,9,7,11,1,1,2,1,0,1,1,84,81,86,2,,,,,,,94,78,100,72,52,91,84,82,86,17888,31,27,34,1
47053,Tennessee,Gibson,990,10784,9742,11825,3,,,,,,,16417,13356,19478,,,,9537,8453,10622,20,20,21,2,4.3,4.1,4.5,1,4.8,4.6,5.0,2,,9,8,10,3,,,,,,,15,12,17,8,4,13,7,6,8,22,22,23,2,40,34,47,4,7.4,3,35,30,42,4,53,2,13,13,14,2,9,34,26,17,36,3,321,653.6,4,37,34,41,3,,,,,,,44,36,53,45,26,72,35,31,39,4327,11,9,12,1,21,43,2339:1,2,20,41,2452:1,2,12,24,4087:1,4,6382,3,,,7937,11164,6158,42,2,,,46,,42,51,1,,,40,31,53,654,94,2,6539,11610,56,51,62,1,955,21436,4.5,3,23,17,29,2,,,47,36,15,86933,17459,5.0,4,4234,11769,36,31,41,3,82,16.7,1,274,553,4,219,89,77,101,2,,,,,,,99,73,133,,,,86,73,100,10.4,4,No,1,14,12,17,12,10,14,2,1,3,1,0,1,4,87,84,89,4,,,,,,,82,77,88,,,,83,79,87,19819,34,30,38,2
47055,Tennessee,Giles,565,10147,8823,11472,2,,,,,,,,,,,,,,,,20,20,21,2,4.4,4.2,4.6,2,4.7,4.5,4.9,2,,9,8,10,3,,,,,,,19,14,24,,,,8,7,9,22,21,22,2,35,27,44,3,7.8,2,36,28,44,4,44,3,14,14,15,3,12,42,29,20,37,3,151,513.6,4,34,29,39,2,,,,,,,41,28,58,41,20,76,33,28,38,2802,12,11,14,3,11,37,2673:1,3,10,34,2950:1,2,15,51,1967:1,3,6499,3,,,6172,,6661,39,2,,,48,,38,51,1,,,41,59,52,346,91,3,2997,6456,46,41,52,3,557,15194,3.7,2,23,16,30,2,,,6,47,17,85808,20123,4.3,2,1905,6017,32,26,37,2,30,10.2,2,90,311,2,171,117,100,135,4,,,,,,,81,43,138,,,,124,104,143,10.6,4,Yes,4,12,10,14,10,7,12,2,1,3,1,0,2,2,85,82,88,3,,,,,,,81,73,90,,,,86,83,89,12010,35,31,40,2
47057,Tennessee,Grainger,468,10311,8786,11836,2,,,,,,,,,,,,,,,,22,21,23,3,4.7,4.5,4.9,3,4.9,4.7,5.2,3,,9,7,10,3,,,,,,,,,,,,,,,,23,22,24,3,33,24,42,2,8.4,1,34,25,43,3,23,4,13,13,14,2,3,30,10,3,20,1,57,246.3,1,42,36,48,3,,,,,,,,,,,,,,,,2275,12,11,14,3,5,22,4629:1,4,3,13,7715:1,4,4,17,5786:1,4,4485,1,,,,,,42,2,,,,,,41,4,,,,,,254,94,2,2029,5142,39,33,46,4,372,9417,4.0,2,25,17,33,3,,,,47,24,77965,19514,4.0,1,1176,4768,25,17,32,1,16,6.9,4,48,210,1,100,87,70,104,2,,,,,,,,,,,,,,,,10.3,3,No,1,12,9,14,9,6,11,2,1,3,1,1,2,1,76,73,80,1,,,,,,,,,,,,,,,,9219,56,49,62,4
47059,Tennessee,Greene,1437,10938,10033,11842,3,,,,,,,,,,,,,,,,22,21,23,3,4.6,4.4,4.8,3,4.9,4.7,5.1,3,,9,8,10,2,,,,,,,14,6,21,10,6,14,9,8,9,22,21,23,2,38,32,45,4,8.0,2,35,29,41,4,45,3,13,12,13,1,17,84,20,15,26,1,252,366.2,3,33,30,36,2,,,,,,,24,12,42,38,25,56,34,31,37,5877,11,10,13,2,39,57,1764:1,1,27,39,2559:1,2,64,93,1079:1,1,5375,2,,,,,,47,1,,,46,,47,48,2,,,39,32,48,784,94,2,7509,15442,49,44,53,2,1376,29829,4.6,4,24,17,31,2,,,18,59,21,79825,17505,4.6,2,4765,13255,36,29,43,3,73,10.6,2,217,317,2,369,107,96,118,3,,,,,,,,,,,,,,,,10.0,2,No,1,12,10,13,10,8,11,2,1,2,1,0,1,1,87,84,89,4,,,,,,,,,,,,,,,,27555,26,24,29,1
47061,Tennessee,Grundy,338,13079,10854,15304,4,,,,,,,,,,,,,,,,25,24,26,4,5.2,4.9,5.5,4,5.2,4.9,5.5,4,,10,9,12,4,,,,,,,,,,,,,,,,25,24,26,4,34,25,43,3,7.7,3,29,22,38,2,36,4,12,12,13,1,3,8,38,18,56,4,18,134.7,1,49,41,57,4,,,,,,,,,,,,,,,,1420,14,12,16,4,,,,2,,,,2,5,37,2669:1,3,5466,2,,,,,,33,4,,,,,,38,4,,,,,,191,94,2,1130,3045,37,30,44,4,216,4886,4.4,3,28,18,38,4,,,,72,24,74529,13643,5.5,4,1192,2957,40,29,52,4,11,8.2,3,54,402,3,86,128,103,159,4,,,,,,,,,,,,,,,,9.6,1,Yes,4,14,10,18,10,7,14,3,1,5,2,1,3,3,82,79,85,1,,,,,,,,,,,,,,,,4671,46,40,53,3
47063,Tennessee,Hamblen,1173,10117,9231,11002,2,,,,,,,16500,11211,23421,4635,3028,6792,10484,9466,11502,23,22,24,4,4.6,4.4,4.8,2,4.8,4.6,5.0,3,,8,7,9,1,,,,12,6,19,18,12,23,6,5,8,8,8,9,22,21,23,2,34,28,41,3,6.7,4,37,30,43,4,65,2,13,13,14,2,10,42,24,16,32,2,216,336.0,3,43,39,46,4,,,,,,,33,20,50,70,58,82,39,35,43,7165,14,12,16,4,40,62,1607:1,1,39,60,1656:1,1,104,161,621:1,1,5664,3,,,5080,,5671,44,1,,,38,38,45,45,3,,27,36,34,45,645,94,2,6222,15227,41,36,45,4,1050,27421,3.8,2,24,18,31,2,,71,54,60,18,83426,18316,4.6,2,4531,14480,31,25,38,2,86,13.4,1,302,476,4,307,96,85,107,2,,,,,,,106,59,175,33,17,57,106,94,119,10.3,3,No,1,17,14,19,15,12,17,2,1,3,1,0,1,4,85,83,87,3,,,,,,,,,,62,51,74,88,86,89,25888,22,19,25,1
47065,Tennessee,Hamilton,5244,8534,8182,8885,1,,,,,,,12088,11159,13017,3317,2492,4329,8074,7665,8483,19,19,20,1,4.1,3.9,4.2,1,4.6,4.4,4.7,1,,10,9,10,4,,,,8,7,10,16,15,17,8,7,9,8,7,8,19,19,20,1,29,27,33,1,6.9,4,26,23,28,1,89,1,17,17,18,4,49,193,25,22,29,2,1922,531.5,4,27,26,28,1,,,,,,,40,38,43,59,52,66,19,18,20,32272,11,10,12,2,401,111,902:1,1,270,74,1349:1,1,776,213,469:1,1,4144,1,,,5419,3966,3969,44,1,,43,44,36,44,50,2,,53,37,33,52,3023,85,4,63992,95125,67,65,69,1,6107,179683,3.4,1,18,14,22,1,,7,38,42,9,107350,22284,4.8,3,24164,74170,33,30,35,2,503,13.9,1,2353,663,4,1308,73,69,77,1,,,,32,17,55,70,61,78,18,11,29,80,75,85,10.9,4,No,1,14,13,15,13,12,13,1,1,2,1,1,1,3,82,82,83,1,,,,78,75,81,79,76,81,73,68,78,86,85,86,165608,24,22,25,1
47067,Tennessee,Hancock,167,16551,12832,20269,4,,,,,,,,,,,,,,,,24,23,25,4,5.0,4.7,5.2,4,5.1,4.9,5.4,4,,8,5,10,1,,,,,,,,,,,,,,,,25,24,26,4,33,22,45,2,7.8,2,26,16,38,1,7,4,13,12,14,2,10,15,67,57,74,4,15,227.3,1,51,39,65,4,,,,,,,,,,,,,,,,586,12,10,13,2,1,15,6600:1,4,1,15,6549:1,4,,,,2,2776,1,,,,,,24,4,,,,,,18,4,,,,,,77,88,4,583,1530,38,29,47,4,103,2031,5.1,4,41,29,53,4,,,,,,70411,14123,5.0,4,405,1297,31,19,43,2,0,0.0,4,8,121,1,48,146,107,193,4,,,,,,,,,,,,,,,,9.7,1,No,1,11,8,14,7,3,10,2,0,4,3,1,6,1,82,78,86,1,,,,,,,,,,,,,,,,2190,51,41,60,4
47069,Tennessee,Hardeman,505,10318,8847,11790,3,,,,,,,10006,7879,12132,,,,10416,8366,12467,26,26,27,4,5.2,5.0,5.4,4,5.0,4.8,5.2,4,,11,10,13,4,,,,,,,14,11,16,,,,9,7,11,26,25,27,4,37,30,45,4,5.5,4,36,27,44,4,31,4,13,12,13,1,5,24,21,11,33,1,197,774.2,4,38,33,44,3,,,,,,,44,36,53,,,,33,26,42,2098,12,10,14,3,6,24,4241:1,4,7,28,3603:1,3,29,115,870:1,1,5901,3,,,5386,,6133,38,3,,,46,,35,46,3,,,38,,49,259,88,4,2112,6811,31,27,35,4,459,9196,5.0,4,29,20,38,4,,,33,51,20,74141,16129,4.6,3,2394,4881,49,39,59,4,33,13.0,1,162,626,4,99,77,63,94,1,,,,,,,56,38,80,,,,94,72,119,9.7,1,No,1,16,13,19,14,11,18,1,1,2,1,0,1,4,84,81,87,2,,,,,,,87,79,95,,,,87,82,91,7877,40,34,45,3
47071,Tennessee,Hardin,614,12917,11230,14603,4,,,,,,,,,,,,,,,,24,23,25,4,4.9,4.7,5.1,4,5.0,4.8,5.2,4,,9,8,11,4,,,,,,,,,,,,,,,,23,22,24,3,32,26,39,2,7.5,3,33,27,40,3,48,3,13,13,14,2,11,42,26,18,35,2,99,383.0,3,39,34,45,3,,,,,,,38,18,70,,,,41,35,47,2327,12,10,13,2,13,50,1988:1,2,7,27,3682:1,3,24,93,1074:1,1,5787,3,,,,23077,5833,40,2,,,44,,40,45,3,,,36,,45,249,91,3,2837,5583,51,43,58,2,455,10387,4.4,3,29,21,38,4,,,34,56,27,81326,16978,4.8,3,1784,5305,34,24,43,3,31,12.0,2,135,521,4,159,123,104,142,4,,,,,,,,,,,,,,,,9.8,2,No,1,13,11,16,10,8,13,3,1,4,1,0,1,3,83,80,87,2,,,,,,,,,,,,,,,,9658,28,23,33,1
47073,Tennessee,Hawkins,1119,10194,9188,11200,2,,,,,,,,,,,,,,,,21,20,22,2,4.6,4.4,4.8,3,4.9,4.7,5.1,3,,9,8,9,2,,,,,,,,,,,,,,,,23,22,24,3,32,27,38,2,7.6,3,33,28,39,3,54,2,14,13,15,3,16,58,28,21,35,3,120,212.5,1,37,34,41,3,,,,,,,,,,50,24,92,38,34,42,4912,11,10,13,2,16,28,3529:1,4,10,18,5653:1,4,10,18,5653:1,4,4423,1,,,,,,43,1,,,53,,43,39,4,,,28,,40,611,97,1,5805,12767,45,41,50,3,946,23706,4.0,2,28,21,34,4,,,,39,29,77830,17784,4.4,2,4581,11521,40,34,46,4,47,8.3,3,156,275,2,256,91,79,102,2,,,,,,,,,,,,,,,,10.4,4,Yes,4,12,10,14,10,8,12,2,1,2,1,0,1,2,90,88,92,4,,,,,,,,,,,,,,,,21446,36,32,39,2
47075,Tennessee,Haywood,357,11519,9627,13412,4,,,,,,,13690,10718,16662,,,,9888,7427,12349,27,26,28,4,4.9,4.7,5.0,4,4.8,4.6,4.9,2,,12,10,14,4,,,,,,,15,13,17,,,,9,6,11,24,24,25,4,47,38,56,4,6.3,4,32,24,40,3,48,3,11,11,11,1,8,38,21,13,30,1,157,893.4,4,38,32,44,3,,,,,,,46,37,55,63,33,110,24,17,33,1597,11,10,13,2,6,34,2929:1,3,4,23,4334:1,3,,,,2,5831,3,,,5681,,6131,34,4,,,35,,34,34,4,,,32,,36,231,89,4,1927,4176,46,39,54,3,414,7738,5.4,4,31,21,41,4,,,36,,23,76094,14887,5.1,4,2058,4089,50,40,60,4,38,21.6,1,196,1088,4,66,74,57,94,1,,,,,,,54,34,80,,,,100,72,137,10.0,2,No,1,15,12,18,14,10,17,1,0,2,1,0,2,4,89,85,93,4,,,,,,,86,80,93,,,,90,85,94,7560,37,31,42,3
47077,Tennessee,Henderson,550,10317,8965,11670,3,,,,,,,15365,10037,22513,,,,9921,8522,11319,23,22,23,3,4.7,4.5,4.9,3,4.9,4.7,5.2,3,,10,9,11,4,,,,,,,20,14,25,,,,9,8,10,24,24,25,4,33,27,40,2,7.6,3,33,27,39,3,45,3,13,13,14,2,9,46,20,12,28,1,119,428.8,4,33,28,37,2,,,,,,,33,20,52,45,23,81,32,27,37,2486,11,10,13,2,9,32,3083:1,3,8,29,3481:1,3,13,47,2142:1,3,6679,4,,,8279,,6651,36,3,,,34,,36,40,4,,,30,,41,346,98,1,3183,6758,47,40,54,2,563,11981,4.7,4,23,16,30,2,,,32,97,19,80799,17844,4.5,2,2235,6357,35,27,43,3,18,6.5,4,126,446,3,120,86,71,101,2,,,,,,,,,,,,,,,,9.9,2,No,1,12,9,14,8,6,11,3,1,4,1,0,2,1,87,82,91,4,,,,,,,,,,,,,,,,11238,41,35,46,3
47079,Tennessee,Henry,686,10376,9053,11698,3,,,,,,,15224,9945,22307,,,,10245,8850,11641,22,21,22,3,4.7,4.5,4.9,3,5.0,4.8,5.2,4,,8,7,9,2,,,,,,,10,6,14,,,,8,7,9,23,22,24,3,34,27,40,2,7.4,3,33,27,40,3,64,2,13,13,14,2,14,36,39,30,47,4,141,434.5,4,41,36,47,3,,,,,,,54,36,78,,,,41,35,46,2756,11,10,13,2,22,68,1475:1,1,18,56,1798:1,1,57,176,568:1,1,4946,2,,,7258,,4743,42,2,,,50,27,42,51,1,,,45,32,52,312,91,3,3098,7010,44,38,51,3,595,14231,4.2,3,29,22,37,4,,,62,21,26,77292,17041,4.5,2,2338,6664,35,26,44,3,50,15.4,1,108,334,3,177,110,93,126,3,,,,,,,119,68,193,,,,113,95,130,10.4,4,No,1,12,10,14,10,8,12,2,1,2,1,0,2,1,84,81,86,2,,,,,,,86,78,95,,,,84,81,88,12271,21,17,25,1
47081,Tennessee,Hickman,494,10729,9284,12175,3,,,,,,,,,,,,,,,,21,20,21,2,4.5,4.3,4.8,2,4.7,4.5,5.0,2,,9,8,10,3,,,,,,,,,,,,,,,,23,22,24,3,32,24,42,2,7.9,2,28,19,37,2,35,4,14,14,15,3,9,37,24,16,33,2,71,285.6,2,40,35,46,3,,,,,,,,,,,,,,,,2468,13,11,15,4,5,20,4973:1,4,8,32,3133:1,2,10,40,2506:1,3,4524,1,,,,,,34,4,,,42,,34,42,4,,,54,,42,264,95,2,2442,6291,39,33,45,4,358,11160,3.2,1,24,16,32,2,,,,16,23,83181,18303,4.5,2,1748,5306,33,23,43,3,9,3.6,4,93,383,3,147,120,100,139,4,,,,,,,,,,,,,,,,9.8,2,Yes,4,16,12,19,13,9,16,3,1,5,1,0,1,4,79,76,81,1,,,,,,,,,,,,,,,,9538,62,54,69,4
47083,Tennessee,Houston,179,11208,8684,13732,3,,,,,,,,,,,,,,,,21,21,22,3,4.7,4.5,4.9,3,4.9,4.6,5.1,3,,8,6,10,1,,,,,,,,,,,,,,,,22,22,23,2,27,18,40,1,8.1,1,29,18,41,2,46,3,14,13,14,2,5,11,45,30,59,4,29,353.1,3,29,22,39,1,,,,,,,,,,,,,,,,809,13,11,14,4,2,24,4107:1,4,1,12,8263:1,4,16,194,516:1,1,7855,4,,,,,,31,4,,,,,,49,2,,,45,,49,98,97,1,724,1833,39,30,49,4,178,3222,5.5,4,25,17,34,3,,,,,,75674,16892,4.5,2,543,1774,31,20,41,2,10,12.2,2,18,220,1,50,122,90,161,4,,,,,,,,,,,,,,,,10.0,2,No,1,13,9,17,11,7,14,2,0,3,0,0,1,2,79,76,83,1,,,,,,,,,,,,,,,,2856,56,47,66,4
47085,Tennessee,Humphreys,375,10847,9013,12680,3,,,,,,,,,,,,,,,,19,19,20,1,4.4,4.2,4.6,2,4.7,4.5,4.9,2,,9,8,10,3,,,,,,,27,14,40,,,,8,7,10,21,20,21,1,35,25,47,3,8.1,1,26,18,36,2,39,3,14,14,15,3,10,30,33,24,43,4,34,183.9,1,36,30,43,3,,,,,,,,,,,,,,,,1646,11,10,13,2,5,27,3697:1,4,6,32,3081:1,2,10,54,1849:1,2,6559,4,,,11167,,6532,40,2,,,27,,40,48,2,,,29,,48,230,91,3,1790,4354,41,33,49,4,379,8813,4.3,3,20,13,27,1,,,27,15,24,83669,19026,4.4,2,797,3680,22,14,29,1,23,12.4,1,47,259,2,122,133,110,157,4,,,,,,,,,,,,,,,,10.0,2,Yes,4,12,9,15,10,7,12,2,0,4,1,0,1,1,86,81,91,3,,,,,,,,,,,,,,,,7040,42,35,50,3
47087,Tennessee,Jackson,257,9978,7715,12241,2,,,,,,,,,,,,,,,,24,23,25,4,5.0,4.8,5.2,4,5.0,4.8,5.3,4,,10,7,12,4,,,,,,,,,,,,,,,,24,23,25,4,34,25,43,3,8.1,1,35,25,45,4,48,3,12,12,13,1,6,16,38,24,50,4,29,248.4,1,31,24,39,2,,,,,,,,,,,,,,,,1115,13,11,14,3,2,17,5839:1,4,4,34,2940:1,2,,,,2,8182,4,,,,,,38,3,,,,,,46,3,,,,,,116,86,4,937,2520,37,28,46,4,217,4602,4.7,4,30,20,39,4,,,,56,31,71347,15743,4.5,2,644,2109,31,21,40,2,3,2.6,4,20,169,1,58,100,76,129,3,,,,,,,,,,,,,,,,9.8,2,Yes,4,13,10,17,12,8,16,2,0,3,0,0,1,3,86,81,91,3,,,,,,,,,,,,,,,,4175,59,51,68,4
47089,Tennessee,Jefferson,969,9384,8416,10353,2,,,,,,,,,,,,,,,,18,18,19,1,4.1,3.9,4.3,1,4.6,4.4,4.9,1,,8,8,9,2,,,,,,,,,,7,4,11,9,8,10,20,20,21,1,37,29,45,3,8.4,1,27,21,35,2,53,2,14,13,14,3,9,42,21,14,30,1,139,258.3,2,29,26,32,1,,,,,,,,,,33,19,53,29,26,32,4863,12,10,13,2,22,41,2446:1,2,12,22,4501:1,4,17,31,3177:1,3,4684,1,,,,,,48,1,,,63,,48,49,2,,,55,29,49,534,96,1,6138,11983,51,46,56,2,917,24009,3.8,2,21,14,27,1,,,15,23,18,92546,21192,4.4,2,2687,10704,25,19,31,1,58,10.8,2,131,247,1,191,71,61,82,1,,,,,,,,,,,,,,,,10.3,3,No,1,13,11,15,11,9,13,2,1,3,1,0,1,3,78,76,80,1,,,,,,,,,,,,,,,,22488,42,38,46,3
47091,Tennessee,Johnson,394,12429,10304,14554,4,,,,,,,,,,,,,,,,22,21,23,3,4.8,4.5,5.0,4,4.9,4.7,5.2,3,,9,7,10,2,,,,,,,,,,,,,,,,23,22,24,3,28,20,37,1,7.6,3,29,21,38,2,100,1,13,12,14,2,5,15,33,19,47,4,50,282.6,2,46,39,54,4,,,,,,,,,,,,,,,,1498,13,11,14,4,6,34,2949:1,3,4,22,4445:1,4,14,79,1270:1,2,4543,1,,,,,,40,2,,,,,,34,4,,,,,,171,96,1,1743,4465,39,33,46,4,263,7613,3.5,1,28,18,38,4,,,,,,69194,14397,4.8,3,667,2862,23,14,32,1,25,14.1,1,112,628,4,83,93,74,116,2,,,,,,,,,,,,,,,,8.6,1,Yes,4,14,11,17,11,7,14,2,1,3,2,1,3,3,83,79,88,2,,,,,,,,,,,,,,,,5713,35,29,41,2
47093,Tennessee,Knox,6816,9063,8752,9373,1,,,,,,,14332,13064,15599,4561,3528,5803,8836,8500,9171,17,16,17,1,3.9,3.8,4.1,1,4.3,4.1,4.5,1,,8,8,9,1,,,,7,6,9,14,13,15,8,7,9,8,7,8,20,19,20,1,31,28,34,1,7.3,4,21,19,24,1,84,1,17,16,17,4,74,296,25,22,28,2,2600,562.9,4,20,20,21,1,,,,,,,40,36,43,45,39,51,17,16,17,37471,10,9,11,1,520,113,888:1,1,277,60,1680:1,1,1722,370,270:1,1,4393,1,,882,7974,2554,4206,49,1,,54,49,47,49,54,1,,56,41,44,55,4366,90,4,84157,118318,71,69,73,1,7048,240034,2.9,1,15,12,18,1,,9,55,34,12,109049,22141,4.9,4,29680,96339,31,29,33,2,567,12.3,2,2285,506,4,2288,100,96,104,3,,,,,,,115,100,129,30,20,43,105,100,109,10.5,4,No,1,14,13,15,12,11,13,2,1,2,1,1,1,3,83,82,84,2,,,,80,75,86,73,69,76,75,70,79,85,84,86,223012,26,25,27,1
47095,Tennessee,Lake,158,11243,8580,13906,4,,,,,,,8897,5863,12944,,,,12992,9239,16745,27,26,28,4,5.2,5.0,5.4,4,5.0,4.8,5.2,4,,11,8,14,4,,,,,,,18,11,26,,,,9,6,12,28,27,29,4,37,24,50,4,6.8,4,31,20,43,3,23,4,14,13,15,3,1,3,33,4,64,4,58,776.6,4,73,56,94,4,,,,,,,62,33,105,,,,78,56,104,458,12,10,13,2,,,,2,1,13,7411:1,4,1,13,7411:1,4,8884,4,,,9859,,8357,32,4,,,21,,33,35,4,,,24,,36,53,96,1,730,2429,30,24,36,4,93,1804,5.2,4,41,27,56,4,,,51,,31,77482,13052,5.9,4,498,1007,49,34,65,4,9,12.1,2,16,210,1,28,74,49,107,1,,,,,,,,,,,,,,,,10.7,4,No,1,13,8,18,10,6,15,2,0,4,2,0,5,2,86,83,90,4,,,,,,,,,,,,,,,,1904,27,19,35,1
47097,Tennessee,Lauderdale,514,11346,9836,12857,4,,,,,,,12864,10128,15599,,,,10690,8857,12523,29,28,30,4,5.1,5.0,5.3,4,5.1,5.0,5.3,4,,12,10,13,4,,,,,,,17,15,20,,,,8,6,9,25,25,26,4,45,36,53,4,6.5,4,36,27,46,4,33,4,12,11,12,1,7,27,26,16,37,2,242,957.5,4,45,40,51,4,,,,,,,48,39,57,,,,44,36,51,2388,12,10,14,3,2,8,12637:1,4,5,19,5165:1,4,4,15,6456:1,4,7005,4,,,7101,,6937,34,4,,,35,,33,45,3,,,34,,47,297,98,1,2537,7045,36,32,40,4,554,9619,5.8,4,35,26,43,4,15,,40,67,22,75033,15889,4.7,3,2980,5969,50,42,58,4,17,6.7,4,186,681,4,120,91,75,107,2,,,,,,,65,44,93,,,,109,87,134,10.2,3,No,1,19,17,22,17,13,20,3,2,5,0,0,1,4,88,86,90,4,,,,,,,88,82,93,,,,90,86,94,9093,31,27,35,2
47099,Tennessee,Lawrence,843,11065,9915,12216,3,,,,,,,,,,,,,,,,21,20,22,2,4.7,4.5,4.9,3,4.9,4.6,5.1,3,,9,8,9,2,,,,,,,,,,,,,,,,23,22,23,3,33,27,40,2,8.1,1,37,30,44,4,56,2,14,13,15,3,5,29,17,8,28,1,147,338.7,3,37,33,41,3,,,,,,,,,,,,,,,,4595,13,11,15,4,16,37,2712:1,3,11,25,3976:1,3,35,80,1250:1,2,5204,2,,,5577,,5214,41,2,,,65,,41,49,2,,,39,38,49,467,95,2,4554,9934,46,41,50,3,739,18309,4.0,2,25,18,31,3,,,37,47,27,79450,17008,4.7,3,3041,10766,28,24,33,1,47,10.8,2,196,462,3,204,95,82,108,2,,,,,,,,,,,,,,,,9.9,2,No,1,14,12,16,10,8,12,4,2,5,3,2,4,3,84,81,87,2,,,,,,,,,,,,,,,,15649,36,32,40,2
47101,Tennessee,Lewis,243,11510,9259,13761,4,,,,,,,,,,,,,,,,22,21,23,3,4.7,4.5,5.0,3,4.8,4.6,5.1,3,,9,7,11,3,,,,,,,,,,,,,,,,23,22,23,3,42,31,53,4,8.1,1,31,21,41,3,21,4,14,13,15,3,1,10,10,1,30,1,36,299.1,2,50,41,58,4,,,,,,,,,,,,,,,,1142,12,10,14,3,2,17,6018:1,4,4,33,3022:1,2,5,41,2417:1,3,3266,1,,,,,,37,3,,,,,,39,4,,,31,,39,136,93,3,1196,2643,45,33,57,3,225,5072,4.4,3,25,17,32,3,,,,,,80980,19654,4.1,1,1146,2668,43,30,56,4,13,10.8,2,58,484,4,63,105,81,135,3,,,,,,,,,,,,,,,,9.5,1,No,1,8,5,11,6,3,9,2,0,4,1,0,2,1,76,69,84,1,,,,,,,,,,,,,,,,4855,34,25,42,2
47103,Tennessee,Lincoln,630,10980,9591,12369,3,,,,,,,,,,,,,,,,21,20,22,2,4.6,4.4,4.8,2,5.0,4.7,5.2,3,,8,7,9,2,,,,,,,17,12,22,,,,8,7,9,22,21,23,2,37,29,45,3,7.8,2,34,26,42,3,39,3,14,13,14,2,8,30,27,17,37,3,116,343.7,3,33,29,38,2,,,,,,,47,29,71,59,35,93,31,27,36,3084,11,10,13,2,18,53,1875:1,2,9,26,3791:1,3,12,35,2843:1,3,4265,1,,,5075,,4186,38,3,,,40,,38,51,1,,,42,,51,384,95,2,3321,7705,43,37,49,3,506,16408,3.1,1,18,12,25,1,,,43,26,18,92166,21620,4.3,2,2801,7451,38,31,44,4,22,6.5,4,157,463,3,168,99,84,115,3,,,,,,,,,,,,,,,,10.6,4,No,1,15,12,17,12,9,14,3,1,4,1,1,2,4,85,83,87,3,,,,,,,82,70,93,,,,86,83,89,14318,39,35,44,3
47105,Tennessee,Loudon,929,9454,8386,10522,2,,,,,,,,,,,,,,,,18,17,19,1,4.1,3.9,4.3,1,4.3,4.2,4.6,1,,8,7,9,2,,,,,,,,,,8,6,10,8,7,9,19,18,19,1,29,22,37,1,7.9,2,29,22,37,2,52,3,13,13,14,2,14,52,27,20,34,3,153,293.4,2,33,29,36,2,,,,,,,,,,56,43,72,30,26,34,4920,13,11,14,4,27,52,1932:1,2,26,49,2041:1,1,32,60,1658:1,2,3976,1,,,5086,,4000,55,1,,46,50,30,55,57,1,,82,51,32,57,516,91,3,5030,10462,48,43,53,2,779,22857,3.4,1,16,11,21,1,,,,26,19,101568,26020,3.9,1,2598,10122,26,19,32,1,63,12.1,2,114,221,1,263,102,89,114,3,,,,,,,,,,,,,,,,10.6,4,No,1,12,10,14,9,7,11,2,1,3,2,1,2,2,84,80,87,2,,,,,,,,,,72,57,86,83,80,85,20255,34,30,38,2
47107,Tennessee,McMinn,1059,11397,10303,12490,4,,,,,,,,,,,,,,,,21,20,22,2,4.7,4.5,4.9,3,4.6,4.3,4.8,1,,9,8,10,3,,,,,,,9,5,14,11,7,15,9,8,10,24,23,25,4,34,28,40,2,7.8,2,36,31,42,4,50,3,13,13,14,2,18,69,26,20,33,2,221,418.0,3,39,35,43,3,,,,,,,43,27,65,40,25,60,39,35,42,5075,12,10,14,3,26,49,2034:1,2,21,39,2537:1,2,37,69,1440:1,2,4365,1,,,2546,3874,4337,46,1,,,48,,46,44,3,,,33,19,44,507,94,2,5794,12420,47,41,52,3,928,22719,4.1,3,22,15,29,2,,,34,35,26,84817,16387,5.2,4,3670,11172,33,27,39,3,74,14.0,1,271,515,4,279,106,93,118,3,,,,,,,97,48,173,,,,110,96,123,10.3,3,No,1,15,13,18,14,11,16,2,1,2,1,0,1,4,85,83,88,3,,,,,,,,,,,,,,,,20648,29,26,33,1
47109,Tennessee,McNairy,606,11732,10231,13233,4,,,,,,,,,,,,,,,,25,24,25,4,4.9,4.7,5.1,4,4.9,4.7,5.2,3,,7,6,9,1,,,,,,,11,5,17,,,,7,6,8,25,24,26,4,30,24,37,1,7.5,3,38,31,45,4,37,4,13,12,13,1,8,37,22,13,31,1,80,307.6,2,35,30,40,2,,,,,,,,,,,,,,,,2320,11,10,13,2,8,31,3251:1,3,11,43,2348:1,2,35,135,738:1,1,6270,3,,,4407,46667,6199,34,4,,,41,,34,48,2,,,40,,48,297,95,2,2803,5904,47,41,53,2,457,8477,5.4,4,22,15,30,2,,,50,55,23,74449,16015,4.6,3,1909,5687,34,27,40,3,26,10.0,2,98,373,3,142,109,91,127,3,,,,,,,,,,,,,,,,9.9,2,No,1,13,11,16,11,9,14,2,1,3,1,0,1,3,88,85,90,4,,,,,,,,,,,,,,,,9159,33,29,38,2
47111,Tennessee,Macon,479,11417,9901,12932,4,,,,,,,,,,,,,,,,22,21,23,3,4.7,4.5,4.9,3,4.8,4.5,5.0,2,,10,8,11,4,,,,,,,,,,7,3,10,10,9,11,24,23,25,3,35,26,44,3,8.3,1,39,30,49,4,41,3,14,14,15,3,3,27,11,3,22,1,70,290.7,2,62,56,69,4,,,,,,,,,,92,62,132,61,54,68,2662,13,11,15,4,4,17,6020:1,4,4,16,6066:1,4,1,4,24265:1,4,10813,4,,,,,,37,3,,,,,,50,2,,,,,,270,88,4,2486,5786,43,35,50,3,353,10991,3.2,1,26,18,34,3,,,,53,17,81213,18503,4.4,2,1797,5604,32,23,41,2,8,3.3,4,67,288,2,136,115,96,135,4,,,,,,,,,,,,,,,,10.3,3,No,1,13,10,16,10,8,13,2,1,3,1,0,2,2,82,80,84,1,,,,,,,,,,,,,,,,9831,46,40,53,4
47113,Tennessee,Madison,1623,9934,9211,10657,2,,,,,,,12064,10823,13305,,,,9095,8125,10066,24,23,24,4,4.5,4.4,4.7,2,4.7,4.5,4.9,2,,10,9,10,4,,,,,,,14,13,15,6,4,8,6,6,7,22,22,23,2,39,35,42,4,6.5,4,30,27,34,2,77,1,13,13,14,2,20,71,28,22,34,3,725,742.5,4,29,27,31,1,,,,,,,37,33,40,50,38,66,20,18,23,7445,10,8,11,1,128,131,763:1,1,65,67,1502:1,1,247,253,395:1,1,6350,3,,,9236,,5486,44,1,,27,44,,44,51,1,,56,38,37,55,993,87,4,13728,23518,58,54,63,1,1832,48664,3.8,2,29,23,35,4,,,44,49,16,93499,18848,5.0,4,9932,22072,45,40,50,4,152,15.6,1,820,834,4,376,77,69,85,1,,,,,,,63,51,74,,,,89,78,100,10.0,2,No,1,17,15,19,16,14,18,1,1,2,1,0,1,4,85,83,86,2,,,,,,,86,83,89,80,71,88,88,86,90,43084,16,14,17,1
47115,Tennessee,Marion,632,10881,9533,12230,3,,,,,,,,,,,,,,,,21,20,22,2,4.5,4.3,4.7,2,4.7,4.5,4.9,2,,9,8,11,3,,,,,,,11,5,18,,,,10,8,11,21,20,22,1,31,23,38,1,8.0,2,32,25,40,3,68,1,14,13,15,3,9,47,19,12,27,1,91,320.1,2,45,40,51,4,,,,,,,37,19,65,,,,46,40,52,2564,11,10,13,2,16,56,1777:1,1,7,24,4082:1,3,9,31,3175:1,3,3686,1,,,,,,34,4,,,29,,34,43,4,,,32,,44,306,88,4,3504,6724,52,46,58,2,575,12265,4.7,4,24,16,31,2,,,69,31,25,87458,17646,5.0,4,2077,5932,35,26,44,3,22,7.7,3,82,288,2,136,96,79,112,2,,,,,,,,,,,,,,,,10.2,3,No,1,14,11,16,11,9,14,2,1,3,1,0,2,3,86,84,88,3,,,,,,,,,,,,,,,,12209,50,44,55,4
47117,Tennessee,Marshall,555,8983,7822,10143,1,,,,,,,14209,9196,20976,,,,8732,7502,9962,20,20,21,2,4.4,4.2,4.5,2,4.6,4.4,4.9,2,,9,8,10,3,,,,,,,20,14,26,11,6,15,8,7,9,22,21,23,2,38,29,47,4,7.9,2,29,22,37,2,51,3,15,15,16,4,4,14,29,14,44,3,138,419.1,3,34,30,39,2,,,,,,,31,19,49,39,25,60,34,29,39,2899,11,9,12,1,5,15,6586:1,4,9,27,3743:1,3,15,45,2246:1,3,4077,1,,,3445,,4010,40,2,,,35,40,40,49,2,,,39,37,50,409,94,2,3694,8209,45,39,51,3,528,15332,3.4,1,20,15,25,1,,,39,42,15,91378,23445,3.9,1,2857,7642,37,30,45,4,25,7.6,3,162,512,4,138,86,71,100,2,,,,,,,104,53,181,,,,87,72,103,10.4,4,No,1,12,9,14,10,7,12,2,1,3,1,0,1,1,88,86,90,4,,,,,,,83,69,97,,,,86,85,87,13770,51,46,57,4
47119,Tennessee,Maury,1427,8509,7838,9180,1,,,,,,,10449,8435,12462,,,,8569,7801,9338,20,20,21,2,4.1,4.0,4.3,1,4.5,4.3,4.7,1,,9,8,9,2,,,,11,5,18,16,13,18,9,6,11,8,7,8,21,20,22,1,33,27,38,2,7.9,2,33,28,38,3,60,2,15,14,15,4,12,82,15,10,21,1,499,541.4,4,31,28,34,2,,,,,,,37,30,45,47,36,61,28,26,31,8242,11,9,12,1,50,54,1843:1,1,63,67,1497:1,1,215,228,439:1,1,3673,1,,,4517,,3548,42,2,,,40,42,42,54,1,,33,46,44,55,798,91,3,14352,23646,61,56,65,1,1536,47485,3.2,1,15,11,20,1,,17,28,37,10,100494,24638,4.1,1,6966,20762,34,29,38,3,103,11.2,2,394,453,3,352,78,70,86,1,,,,,,,52,35,75,,,,86,76,95,10.0,2,No,1,14,12,15,11,10,13,2,2,3,1,0,1,3,86,85,88,3,,,,,,,91,89,93,70,62,79,85,82,87,41466,44,41,47,3
47121,Tennessee,Meigs,293,11908,9657,14158,4,,,,,,,,,,,,,,,,20,20,21,2,4.6,4.4,4.8,3,4.9,4.6,5.1,3,,11,9,13,4,,,,,,,,,,,,,,,,22,21,23,2,35,27,44,3,8.3,1,35,26,44,4,33,4,14,13,14,2,6,23,26,15,38,2,33,273.5,2,44,36,52,4,,,,,,,,,,,,,,,,1174,12,11,14,3,6,50,2011:1,2,1,8,12306:1,4,1,8,12306:1,4,3564,1,,,,,,44,1,,,,,,35,4,,,,,,127,97,1,1129,2633,43,35,51,3,228,5061,4.5,3,27,18,35,3,,,,,,85309,18723,4.6,2,764,2446,31,21,42,2,14,11.6,2,51,430,3,73,122,96,153,4,,,,,,,,,,,,,,,,10.2,3,No,1,15,12,19,12,9,16,3,1,4,0,0,1,4,86,76,96,3,,,,,,,,,,,,,,,,4368,51,44,58,4
47123,Tennessee,Monroe,903,10595,9481,11710,3,,,,,,,,,,,,,,,,23,22,24,3,4.7,4.5,4.9,3,4.8,4.6,5.1,3,,9,8,10,3,,,,,,,20,9,31,5,2,8,9,8,10,23,22,23,3,33,25,40,2,8.1,1,25,19,32,1,75,1,12,12,13,1,16,54,30,23,37,3,101,218.4,1,46,42,51,4,,,,,,,,,,35,23,51,49,44,54,4317,12,10,14,3,10,22,4624:1,4,15,32,3090:1,2,20,43,2318:1,3,5909,3,,,,,,43,1,,,45,,43,47,2,,,46,32,47,489,91,3,4049,10311,39,34,44,4,740,19943,3.7,2,23,15,31,2,,67,35,40,26,80589,17312,4.7,3,3127,9715,32,26,39,2,43,9.3,3,218,475,3,251,109,96,123,3,,,,,,,,,,,,,,,,10.7,4,No,1,13,11,15,11,9,13,2,1,4,1,0,1,3,85,83,88,3,,,,,,,,,,,,,,,,16650,43,38,48,3
47125,Tennessee,Montgomery,2361,8745,8300,9189,1,,,,,,,10571,9506,11636,4796,3766,6020,8871,8312,9430,19,19,20,1,4.2,4.1,4.4,1,4.5,4.4,4.7,1,,8,7,8,1,,,,7,5,9,12,11,13,6,6,7,7,6,7,22,22,23,3,34,30,39,3,7.1,4,26,22,31,2,65,2,17,16,17,4,46,138,33,29,38,4,2082,1040.1,4,31,29,33,2,41,20,75,11,6,20,33,30,37,36,31,42,30,28,32,15705,9,8,10,1,79,39,2534:1,3,95,46,2168:1,1,394,191,523:1,1,5032,2,,4712,4842,5309,5073,34,4,,25,27,31,36,47,2,,50,37,40,49,2210,95,2,44600,63691,70,67,73,1,3187,83866,3.8,2,17,13,21,1,32,8,25,24,12,100084,26056,3.8,1,16059,52453,31,28,33,2,134,6.7,4,1090,566,4,799,81,75,87,1,,,,49,27,80,63,52,74,40,28,54,94,87,102,9.6,1,No,1,14,12,15,11,10,13,2,2,3,1,0,1,3,86,85,88,4,,,,85,73,97,86,82,89,81,74,87,87,86,88,90892,33,32,35,2
47127,Tennessee,Moore,93,7124,4734,10296,1,,,,,,,,,,,,,,,,17,16,18,1,3.9,3.8,4.1,1,4.3,4.1,4.5,1,,8,5,10,1,,,,,,,,,,,,,,,,19,18,19,1,25,16,38,1,7.8,2,21,13,34,1,20,4,15,14,16,4,2,6,33,11,55,4,10,156.6,1,25,17,35,1,,,,,,,,,,,,,,,,476,10,8,11,1,,,,2,,,,2,1,16,6411:1,4,6769,4,,,,,,37,3,,,,,,46,3,,,,,,62,92,3,719,1355,53,39,67,2,107,3536,3.0,1,14,9,19,1,,,,,,111500,22965,4.9,3,241,1250,19,7,31,1,4,6.3,4,7,111,1,24,76,48,112,1,,,,,,,,,,,,,,,,10.2,3,No,1,11,6,15,8,4,12,2,0,5,1,0,2,1,90,85,94,4,,,,,,,,,,,,,,,,2746,41,31,50,3
47129,Tennessee,Morgan,421,11882,10176,13589,4,,,,,,,,,,,,,,,,22,21,23,3,4.9,4.6,5.1,4,5.0,4.8,5.2,4,,10,8,11,4,,,,,,,,,,,,,,,,25,24,26,4,36,26,46,3,7.4,3,37,28,47,4,49,3,14,14,15,3,7,24,29,18,40,3,37,171.0,1,35,29,41,2,,,,,,,,,,,,,,,,1945,13,11,14,4,3,14,7212:1,4,3,14,7193:1,4,2,9,10790:1,4,6481,3,,,,,,41,2,,,,,,41,4,,,,,,272,98,1,1902,5962,32,27,37,4,351,7860,4.5,3,27,19,35,3,,,,,,79968,17236,4.6,3,1336,4049,33,25,41,3,17,7.9,3,42,194,1,124,115,95,135,4,,,,,,,,,,,,,,,,9.4,1,No,1,14,11,17,11,8,14,3,2,5,1,0,1,4,82,78,86,1,,,,,,,,,,,,,,,,7030,47,41,53,4
47131,Tennessee,Obion,549,8760,7572,9947,1,,,,,,,11607,7990,16301,,,,8700,7380,10019,23,23,24,4,4.8,4.6,5.0,4,5.0,4.8,5.2,4,,9,8,10,3,,,,,,,14,10,17,,,,9,7,10,24,23,25,4,38,31,46,4,7.3,4,38,31,45,4,70,1,13,12,14,1,2,17,12,2,27,1,192,631.9,4,37,32,42,3,,,,,,,51,37,70,61,38,94,33,29,38,2817,12,10,13,2,14,46,2170:1,2,16,53,1892:1,1,14,46,2162:1,3,7089,4,,,10854,,6858,42,2,,,39,,42,44,3,,,36,,45,384,84,4,3107,6885,45,40,51,3,608,12291,4.9,4,26,17,34,3,,,59,46,26,80068,16188,4.9,4,2335,6670,35,29,41,3,45,14.8,1,134,436,3,95,62,50,76,1,,,,,,,64,32,115,,,,65,51,80,10.9,4,No,1,13,11,15,11,9,14,2,1,2,1,0,1,3,86,83,88,3,,,,,,,83,74,92,,,,86,83,89,12522,24,21,27,1
47133,Tennessee,Overton,498,10101,8635,11567,2,,,,,,,,,,,,,,,,22,21,23,3,4.6,4.4,4.9,3,5.0,4.7,5.2,4,,7,6,8,1,,,,,,,,,,,,,,,,23,22,24,3,39,31,46,4,8.3,1,32,25,40,3,45,3,13,12,14,1,2,22,9,2,22,1,60,272.6,2,30,25,35,1,,,,,,,,,,,,,,,,2072,12,10,14,3,10,45,2201:1,2,7,32,3153:1,2,2,9,11034:1,4,8351,4,,,,,,37,3,,,,,,52,1,,,,,,237,86,4,2090,4948,42,36,49,3,369,9818,3.8,2,21,14,28,1,,,,3,24,74653,16135,4.6,3,1244,4888,25,17,34,1,16,7.3,4,48,217,1,106,96,78,114,2,,,,,,,,,,,,,,,,9.5,1,No,1,11,8,14,8,6,11,3,1,4,0,0,1,1,88,85,91,4,,,,,,,,,,,,,,,,8847,43,38,49,3
47135,Tennessee,Perry,202,12483,9798,15168,4,,,,,,,,,,,,,,,,25,24,26,4,5.2,4.9,5.4,4,5.2,4.9,5.4,4,,7,5,9,1,,,,,,,,,,,,,,,,24,23,25,4,29,19,41,1,6.7,4,27,18,37,2,13,4,13,12,14,1,4,15,27,13,41,3,14,175.5,1,42,32,53,3,,,,,,,,,,,,,,,,884,14,12,16,4,2,25,3988:1,4,1,12,8064:1,4,5,62,1613:1,2,10989,4,,,,,,29,4,,,,,,47,2,,,,,,89,97,1,744,1794,41,31,52,3,139,3233,4.3,3,26,18,35,3,,,83,76,42,74936,12041,6.2,4,448,1750,26,15,36,1,4,5.0,4,20,253,1,55,138,104,180,4,,,,,,,,,,,,,,,,9.5,1,No,1,14,10,18,9,5,13,4,2,6,2,0,3,3,77,70,84,1,,,,,,,,,,,,,,,,2676,30,22,39,1
47137,Tennessee,Pickett,107,8874,6084,11664,1,,,,,,,,,,,,,,,,20,19,21,2,4.5,4.3,4.8,2,4.7,4.5,5.0,2,,8,5,11,1,,,,,,,,,,,,,,,,21,20,22,1,31,21,43,2,8.4,1,35,24,47,4,57,2,13,12,13,1,2,6,33,11,55,4,6,118.3,1,25,16,38,1,,,,,,,,,,,,,,,,439,12,10,14,3,2,39,2537:1,3,,,,2,,,,2,10097,4,,,,,,34,4,,,,,,46,3,,,,,,63,97,1,389,980,40,25,54,4,93,2446,3.8,2,24,16,33,2,,,,,,73703,20222,3.6,1,234,941,25,12,38,1,4,7.9,3,11,204,1,16,63,36,102,1,,,,,,,,,,,,,,,,9.2,1,Yes,4,8,3,12,5,0,9,2,0,4,1,0,2,1,83,76,90,2,,,,,,,,,,,,,,,,1928,34,23,45,2
47139,Tennessee,Polk,392,10839,8938,12740,3,,,,,,,,,,,,,,,,21,20,22,2,4.5,4.3,4.7,2,4.8,4.6,5.1,3,,9,7,10,2,,,,,,,,,,,,,,,,22,21,23,2,34,26,44,3,8.4,1,32,23,41,3,73,1,14,13,15,3,12,22,55,45,63,4,53,316.3,2,39,32,45,3,,,,,,,,,,,,,,,,1635,13,11,14,3,10,60,1676:1,1,6,36,2816:1,2,1,6,16898:1,4,5568,2,,,,,,36,3,,,,,,39,4,,,,,,176,91,3,1616,3719,43,36,51,3,305,7281,4.2,3,22,14,31,2,,,,41,22,87435,20009,4.4,2,895,3370,27,19,34,1,23,13.7,1,38,224,1,87,104,83,128,3,,,,,,,,,,,,,,,,9.7,1,No,1,13,10,16,10,7,12,3,2,4,1,0,1,2,85,80,90,3,,,,,,,,,,,,,,,,6697,43,37,49,3
47141,Tennessee,Putnam,1157,8904,8155,9654,1,,,,,,,,,,,,,,,,21,20,21,2,4.5,4.3,4.7,2,4.8,4.6,5.0,2,,8,7,8,1,,,,,,,10,5,16,7,5,9,8,7,8,24,23,25,4,28,23,34,1,7.2,4,27,22,32,2,47,3,15,14,16,4,14,53,26,19,34,3,352,453.2,4,27,24,29,1,,,,,,,25,15,40,48,38,61,25,23,28,7742,12,11,14,3,52,67,1494:1,1,53,67,1488:1,1,175,222,451:1,1,5245,2,,11944,,3927,5250,43,1,,19,38,29,43,52,1,,50,47,38,53,866,92,3,10548,18207,58,53,62,1,1219,34330,3.6,2,19,12,25,1,,4,60,22,22,83474,16403,5.1,4,5687,15855,36,30,42,3,84,10.8,2,296,397,3,315,83,74,92,1,,,,,,,,,,,,,,,,9.6,1,No,1,17,15,19,16,14,18,2,1,2,2,1,2,4,86,84,88,3,,,,,,,,,,74,71,77,89,88,90,33305,29,26,32,1
47143,Tennessee,Rhea,669,10664,9388,11941,3,,,,,,,,,,,,,,,,22,21,23,3,4.7,4.5,4.9,3,4.9,4.6,5.1,3,,8,7,9,2,,,,,,,,,,9,5,12,8,7,9,23,23,24,3,38,30,46,4,7.5,3,34,26,41,3,64,2,13,13,14,2,6,25,24,14,35,2,107,327.3,3,43,38,47,4,,,,,,,63,33,110,68,46,96,41,36,45,3284,13,11,14,4,11,34,2972:1,3,9,27,3672:1,3,13,39,2542:1,3,5381,2,,,6088,,5376,40,2,,,45,,40,47,2,,,42,17,47,366,87,4,3328,7510,44,38,51,3,731,13026,5.6,4,27,20,35,3,,,48,58,28,85133,16241,5.2,4,2916,7456,39,31,48,4,37,11.3,2,92,280,2,157,96,81,111,2,,,,,,,,,,,,,,,,9.8,2,No,1,11,8,14,9,6,11,2,1,3,1,0,3,1,81,77,86,1,,,,,,,,,,66,50,83,83,81,86,12820,32,27,36,2
47145,Tennessee,Roane,1147,10808,9737,11880,3,,,,,,,,,,,,,,,,20,19,21,2,4.4,4.2,4.6,2,4.8,4.6,5.1,3,,9,8,10,3,,,,,,,,,,,,,,,,20,19,21,1,34,26,43,3,7.6,3,24,18,32,1,65,2,13,12,14,2,16,60,27,20,34,3,123,231.9,1,31,28,35,2,,,,,,,,,,,,,,,,4394,11,9,12,1,19,36,2791:1,3,26,49,2044:1,1,24,45,2214:1,3,6166,3,,,6375,,6134,46,1,,,55,,46,53,1,,53,48,33,53,508,95,2,5966,11198,53,47,60,2,952,23153,4.1,3,22,15,29,2,,,41,12,19,98571,17793,5.5,4,2624,9970,26,20,32,1,62,11.7,2,171,334,2,351,133,119,147,4,,,,,,,147,76,257,,,,135,120,149,10.0,2,No,1,13,11,15,11,9,13,2,1,2,1,0,2,2,87,83,90,4,,,,,,,,,,,,,,,,20906,46,41,51,3
47147,Tennessee,Robertson,1110,8553,7791,9315,1,,,,,,,13586,10231,16942,,,,8479,7630,9328,18,17,19,1,4.1,3.9,4.3,1,4.4,4.2,4.6,1,,8,8,9,2,,,,,,,17,13,20,6,4,7,8,7,9,20,19,21,1,34,26,43,3,8.7,1,31,24,38,3,58,2,16,15,16,4,24,67,36,30,42,4,244,347.7,3,31,28,34,2,,,,,,,41,31,53,62,49,78,27,24,30,6024,10,9,11,1,25,36,2807:1,3,21,30,3382:1,3,45,63,1578:1,2,4794,1,,,5151,,4747,36,3,,,31,41,36,51,1,,40,37,36,52,815,97,1,9611,17783,54,50,58,2,1160,36975,3.1,1,15,11,20,1,,,44,34,13,108711,29577,3.7,1,5384,16982,32,27,37,2,71,10.1,2,292,426,3,291,84,74,93,1,,,,,,,115,78,163,,,,85,75,96,10.9,4,No,1,12,10,14,10,8,11,2,1,3,1,0,2,2,83,81,86,2,,,,,,,83,75,91,72,65,78,82,79,85,33032,50,47,54,4
47149,Tennessee,Rutherford,3427,7214,6890,7538,1,,,,4431,3103,6134,8298,7407,9189,4895,3922,5868,7209,6831,7586,17,17,18,1,3.9,3.7,4.0,1,3.9,3.7,4.0,1,,9,8,9,2,,,,10,8,11,14,13,15,7,6,8,8,7,8,19,18,19,1,36,32,41,3,7.9,2,25,21,29,1,76,1,16,15,17,4,41,178,23,19,27,2,1685,531.3,4,21,20,22,1,,,,15,10,20,22,20,25,37,33,42,19,18,20,26618,9,8,11,1,135,43,2349:1,2,170,52,1911:1,1,307,94,1058:1,1,6208,3,,1238,8754,5620,6074,45,1,,34,44,32,45,50,2,36,39,41,40,52,3543,95,2,60797,88514,69,66,71,1,4750,176691,2.7,1,12,9,15,1,21,7,24,31,10,111030,31133,3.6,1,22705,75963,30,28,32,2,224,7.1,4,1456,492,4,945,61,58,65,1,,,,29,16,47,45,36,53,34,24,46,69,64,74,11.2,4,Yes,4,14,13,15,12,11,13,3,2,3,1,1,1,4,84,83,85,2,,,,82,78,86,84,82,86,69,63,75,84,83,85,158785,43,42,45,3
47151,Tennessee,Scott,504,13263,11577,14949,4,,,,,,,,,,,,,,,,24,23,25,4,5.1,4.9,5.3,4,5.2,5.0,5.5,4,,9,8,11,3,,,,,,,,,,,,,,,,26,25,27,4,42,32,52,4,7.6,3,32,24,41,3,71,1,14,13,15,3,7,26,27,17,38,3,40,181.9,1,50,44,57,4,,,,,,,,,,,,,,,,2035,11,10,13,2,9,41,2443:1,2,7,32,3148:1,2,12,54,1837:1,2,6827,4,,,,,,40,2,,,,,,42,4,,,,,,292,96,1,2272,5535,41,34,48,4,365,8481,4.3,3,27,17,36,3,,,,51,27,70343,14400,4.9,4,2049,5266,39,30,47,4,15,6.8,4,51,230,1,112,102,83,121,3,,,,,,,,,,,,,,,,9.3,1,No,1,14,11,17,13,10,17,1,0,1,1,0,1,3,85,82,88,3,,,,,,,,,,,,,,,,8005,32,26,38,2
47153,Tennessee,Sequatchie,247,9024,7251,10797,1,,,,,,,,,,,,,,,,22,21,23,3,4.5,4.2,4.7,2,4.9,4.7,5.2,3,,10,9,12,4,,,,,,,,,,,,,,,,21,21,22,2,38,29,48,4,8.6,1,26,18,35,2,34,4,15,14,15,3,3,20,15,5,28,1,27,183.2,1,41,34,49,3,,,,,,,,,,,,,,,,1313,11,10,13,2,5,34,2947:1,3,3,20,4959:1,4,3,20,4959:1,4,3101,1,,,,,,37,3,,,,,,45,3,,,,,,162,86,4,1779,3505,51,42,60,2,262,6041,4.3,3,26,17,34,3,,,,13,25,89551,19962,4.5,2,1046,3143,33,21,45,3,9,6.1,4,58,389,3,78,105,83,132,3,,,,,,,,,,,,,,,,9.7,1,No,1,15,11,20,10,7,14,5,2,7,2,1,4,4,82,77,86,1,,,,,,,,,,,,,,,,5848,52,43,61,4
47155,Tennessee,Sevier,1681,9616,8901,10332,2,,,,,,,,,,,,,,,,19,19,20,1,4.4,4.2,4.6,2,4.7,4.5,4.9,2,,8,8,9,1,,,,10,4,15,,,,7,6,9,8,8,9,21,21,22,2,44,37,52,4,8.0,2,35,29,41,4,64,2,13,13,14,2,18,75,24,18,30,2,292,299.1,2,36,34,39,3,,,,,,,,,,73,59,91,35,32,38,12956,17,15,19,4,38,39,2569:1,3,34,35,2879:1,2,67,68,1461:1,2,4352,1,,7096,,2544,4335,44,1,,33,,36,44,48,2,,47,21,22,48,1088,89,4,11762,22935,51,47,55,2,1855,53097,3.5,2,23,17,29,2,,29,7,50,17,82359,22040,3.7,1,6651,19683,34,29,39,3,94,9.6,3,299,311,2,465,96,87,105,2,,,,,,,,,,,,,,,,10.1,3,No,1,14,13,16,11,10,12,3,2,3,1,1,2,4,78,76,80,1,,,,,,,,,,67,55,78,77,75,80,44945,40,37,43,3
47157,Tennessee,Shelby,14228,10312,10075,10548,2,,,,3741,2822,4661,12787,12434,13141,5392,4713,6071,7684,7340,8028,21,20,21,2,4.3,4.2,4.4,1,4.2,4.0,4.3,1,,12,12,12,4,,,,8,7,9,15,15,15,7,6,7,7,7,8,20,20,21,1,36,33,38,3,6.0,4,25,23,28,1,87,1,13,13,14,2,101,637,16,14,18,1,9003,960.9,4,39,38,39,3,,,,5,4,8,50,49,51,70,65,74,11,10,12,93094,12,11,13,2,783,84,1197:1,1,671,72,1395:1,1,1349,144,694:1,1,5021,2,,2931,6017,5680,4312,33,4,,25,32,28,33,47,2,12,46,34,36,54,11552,80,4,157957,254212,62,61,63,1,18374,442379,4.2,3,33,30,37,4,15,7,44,43,8,106603,19060,5.6,4,119254,234034,51,49,53,4,853,9.1,3,12685,1346,4,3961,85,82,87,2,,,,25,17,35,83,79,87,52,44,60,95,91,100,9.5,1,No,1,20,20,21,18,18,19,3,2,3,1,1,1,4,84,83,84,2,77,63,91,81,77,85,83,82,84,71,67,74,88,87,89,426374,31,30,32,1
47159,Tennessee,Smith,361,10377,8779,11975,3,,,,,,,,,,,,,,,,19,18,20,1,4.4,4.2,4.6,2,4.7,4.4,4.9,2,,10,9,12,4,,,,,,,,,,,,,,,,22,21,23,2,30,21,41,1,8.6,1,20,13,28,1,49,3,15,14,16,4,8,26,31,20,41,4,67,341.2,3,35,30,41,2,,,,,,,,,,,,,,,,1678,10,9,12,1,8,41,2455:1,2,5,25,3988:1,3,3,15,6647:1,4,8561,4,,,,,,38,3,,,55,,37,52,1,,,48,,52,208,92,3,2051,4518,45,39,52,3,279,9145,3.1,1,19,13,25,1,,,12,8,17,89435,20136,4.4,2,1489,4485,33,25,42,3,10,5.1,4,46,237,1,108,111,90,132,4,,,,,,,,,,,,,,,,10.0,2,Yes,4,11,9,14,9,7,11,2,1,4,0,0,1,1,86,84,89,3,,,,,,,,,,,,,,,,8625,43,38,48,3
47161,Tennessee,Stewart,256,10488,8279,12697,3,,,,,,,,,,,,,,,,19,18,20,1,4.4,4.2,4.6,1,4.6,4.4,4.8,1,,7,6,9,1,,,,,,,,,,,,,,,,21,20,22,1,27,18,39,1,8.1,1,27,17,40,2,54,2,14,13,15,3,8,22,36,25,47,4,29,217.1,1,31,25,39,2,,,,,,,,,,,,,,,,1273,12,10,14,3,1,7,13355:1,4,3,22,4520:1,4,4,29,3390:1,4,5613,2,,,,,,35,3,,,,,,40,4,,,,,,153,97,1,1516,2944,51,42,61,2,259,5176,5.0,4,22,15,30,2,,,,49,17,80626,21095,3.8,1,868,2786,31,17,45,2,13,9.7,3,59,439,3,65,98,75,124,3,,,,,,,,,,,,,,,,10.3,3,Yes,4,14,9,18,13,9,17,1,0,2,0,0,1,3,84,80,88,2,,,,,,,,,,,,,,,,5119,53,45,62,4
47163,Tennessee,Sullivan,2930,9533,8966,10099,2,,,,,,,16089,12052,21044,,,,9548,8962,10135,21,20,21,2,4.9,4.7,5.1,4,5.2,5.0,5.4,4,,8,8,9,2,,,,11,5,17,12,8,16,7,4,10,8,8,9,22,21,23,2,34,31,37,3,7.2,4,30,27,33,2,78,1,13,12,13,1,21,96,22,17,27,1,434,276.2,2,33,31,35,2,,,,,,,27,18,39,35,23,51,33,31,36,12489,10,9,11,1,199,127,790:1,1,114,72,1383:1,1,190,121,830:1,1,5497,2,,8278,14138,,5383,45,1,,37,53,38,45,50,2,,59,39,31,50,1786,94,2,21391,35632,60,57,63,1,2591,70100,3.7,2,25,19,30,3,,,29,40,26,89789,19554,4.6,3,10472,30480,34,31,38,3,226,14.4,1,760,484,4,696,89,82,95,2,,,,,,,59,30,103,,,,91,85,98,10.2,3,No,1,11,11,12,9,8,10,2,1,2,1,1,2,1,86,85,88,3,,,,,,,80,71,89,72,59,85,88,87,89,64704,26,24,27,1
47165,Tennessee,Sumner,2412,7447,6998,7896,1,,,,,,,10009,8179,11839,,,,7467,6974,7959,17,17,18,1,3.9,3.8,4.1,1,4.4,4.2,4.6,1,,8,8,9,1,,,,8,5,12,13,11,14,7,5,8,8,7,8,18,17,19,1,31,26,37,1,8.3,1,32,26,38,3,65,2,17,16,18,4,17,70,24,18,31,2,642,349.8,3,27,25,28,1,,,,,,,34,28,40,43,35,52,25,24,27,15226,10,9,11,1,90,49,2039:1,2,80,43,2339:1,2,156,83,1200:1,2,6553,3,,,8641,2333,6450,38,3,,22,39,38,38,52,1,,51,41,39,53,2099,95,2,30766,46269,66,64,69,1,2746,98706,2.8,1,12,9,15,1,,15,26,23,11,119670,30338,3.9,1,12947,42859,30,27,34,2,153,8.3,3,446,249,1,671,75,69,80,1,,,,,,,63,45,84,31,16,53,79,73,86,10.8,4,No,1,12,11,13,10,9,11,1,1,2,1,1,1,1,83,83,84,2,,,,,,,80,73,87,77,71,82,79,78,80,88660,47,45,49,4
47167,Tennessee,Tipton,982,9869,8955,10783,2,,,,,,,11974,9712,14235,,,,9660,8621,10699,19,18,20,1,4.1,4.0,4.3,1,4.4,4.2,4.6,1,,9,8,10,3,,,,,,,14,12,16,13,7,19,7,7,8,21,21,22,1,32,26,40,2,7.6,3,36,29,43,4,49,3,15,14,15,4,9,38,24,15,33,2,291,474.2,4,27,25,30,1,,,,,,,46,39,53,,,,22,19,25,4695,9,8,10,1,18,29,3409:1,4,21,34,2932:1,2,40,65,1540:1,2,5576,2,,,7015,,5405,33,4,,25,30,25,33,46,3,,,34,25,48,777,97,1,8589,15544,55,50,61,1,1176,27895,4.2,3,19,12,25,1,,,24,39,14,109173,24676,4.4,2,5217,15265,34,29,40,3,51,8.3,3,414,668,4,271,88,78,99,2,,,,,,,64,45,88,,,,97,84,109,10.1,3,No,1,12,10,14,10,8,12,2,1,3,0,0,1,1,88,86,90,4,,,,,,,82,73,91,,,,88,85,90,26957,54,50,58,4
47169,Tennessee,Trousdale,172,10395,8230,12559,3,,,,,,,,,,,,,,,,20,19,21,2,4.3,4.1,4.5,1,4.5,4.3,4.7,1,,9,7,12,4,,,,,,,,,,,,,,,,23,22,24,3,22,14,35,1,,3,22,13,32,1,67,1,17,16,17,4,2,7,29,9,50,3,40,396.7,3,44,34,55,4,,,,,,,,,,,,,,,,878,13,11,15,4,2,20,5042:1,4,1,9,11012:1,4,,,,2,10098,4,,,13482,,8923,31,4,,,31,,31,58,1,,,55,,58,96,98,1,1457,2823,52,36,67,2,159,4888,3.3,1,21,14,27,1,,,,,,88018,21483,4.1,1,906,1877,48,29,68,4,5,5.0,4,40,496,4,49,108,80,143,3,,,,,,,,,,,,,,,,10.1,3,No,1,14,9,19,14,9,19,0,0,1,0,0,1,3,77,70,84,1,,,,,,,,,,,,,,,,3995,53,40,67,4
47171,Tennessee,Unicoi,403,11921,9879,13964,4,,,,,,,,,,,,,,,,22,21,23,3,4.7,4.5,4.9,3,4.9,4.7,5.2,3,,10,8,11,4,,,,,,,,,,,,,,,,22,21,23,2,33,25,43,2,7.6,3,22,15,30,1,100,1,13,12,14,2,6,9,67,54,76,4,31,174.6,1,32,26,38,2,,,,,,,,,,39,20,70,32,26,39,1665,12,11,14,3,7,39,2537:1,3,5,28,3552:1,3,3,17,5920:1,4,6373,3,,,,,,42,2,,,,,,41,4,,,,,,198,86,4,1999,3838,52,43,61,2,346,7065,4.9,4,24,16,32,2,,,,88,27,77186,16650,4.6,3,1160,3210,36,25,47,4,23,13.0,1,45,251,1,106,119,96,142,4,,,,,,,,,,,,,,,,8.8,1,No,1,12,9,15,10,7,13,2,1,4,1,0,1,1,81,77,84,1,,,,,,,,,,,,,,,,6796,27,22,32,1
47173,Tennessee,Union,378,11042,9326,12759,3,,,,,,,,,,,,,,,,22,21,23,3,4.8,4.6,5.1,4,5.0,4.7,5.2,4,,10,8,12,4,,,,,,,,,,,,,,,,25,24,26,4,34,23,45,3,8.1,1,26,17,37,1,22,4,14,13,15,3,5,21,24,12,36,2,46,236.6,1,48,41,56,4,,,,,,,,,,,,,,,,2031,13,11,15,4,3,15,6481:1,4,5,25,3938:1,3,11,56,1790:1,2,5856,3,,,,,,38,3,,,,,,46,3,,,,,,209,87,4,1584,4563,35,28,41,4,304,7463,4.1,2,28,19,36,3,,,,41,29,78863,17465,4.5,2,1219,4184,29,22,36,1,6,3.1,4,57,295,2,116,120,98,142,4,,,,,,,,,,,,,,,,10.0,2,No,1,15,11,18,11,8,14,3,2,5,1,0,2,4,86,83,88,3,,,,,,,,,,,,,,,,7114,60,52,67,4
47175,Tennessee,Van Buren,142,11927,8507,15346,4,,,,,,,,,,,,,,,,22,21,23,3,4.7,4.5,4.9,3,4.8,4.6,5.1,3,,8,6,11,2,,,,,,,,,,,,,,,,22,21,23,2,32,22,42,2,8.5,1,30,20,41,2,63,2,13,12,14,1,2,11,18,4,37,1,11,191.6,1,46,34,62,4,,,,,,,,,,,,,,,,551,13,11,15,4,,,,2,,,,2,1,17,5765:1,4,5166,2,,,,,,37,3,,,,,,31,4,,,,,,49,90,4,388,1234,31,22,41,4,97,2046,4.7,4,28,18,37,4,,,,,,73659,19317,3.8,1,148,1046,14,7,22,1,0,0.0,4,16,274,2,30,105,71,150,3,,,,,,,,,,,,,,,,9.2,1,Yes,4,10,7,13,8,4,12,1,0,2,1,0,3,1,84,77,90,2,,,,,,,,,,,,,,,,2081,50,39,60,4
47177,Tennessee,Warren,764,9975,8884,11066,2,,,,,,,,,,,,,,,,24,23,25,4,5.0,4.8,5.3,4,5.1,4.9,5.3,4,,9,8,10,3,,,,,,,13,7,20,7,5,10,9,8,10,24,23,25,4,38,30,46,4,7.9,2,31,24,38,3,57,2,13,13,14,2,9,42,21,14,30,1,149,366.5,3,42,38,47,4,,,,,,,43,24,72,40,29,54,42,38,47,4879,15,13,17,4,21,52,1936:1,2,15,37,2725:1,2,27,66,1514:1,2,5336,2,,,1841,,5412,42,2,,,36,53,42,47,2,,42,43,30,47,499,94,2,4268,10068,42,38,47,3,661,16736,3.9,2,35,29,41,4,,70,19,60,33,77277,15436,5.0,4,3179,9504,33,26,41,3,45,11.1,2,185,458,3,192,95,81,108,2,,,,,,,,,,,,,,,,9.6,1,No,1,10,8,12,8,7,10,1,1,2,1,0,1,1,85,83,88,3,,,,,,,,,,65,50,81,87,84,90,16601,29,25,32,1
47179,Tennessee,Washington,2108,9375,8735,10016,1,,,,,,,11283,8427,14796,,,,9491,8797,10186,20,19,21,2,4.5,4.3,4.7,2,4.7,4.5,4.9,2,,8,8,9,2,,,,7,3,11,10,8,13,7,5,10,8,8,9,20,20,21,1,31,27,36,1,7.6,3,26,22,29,1,70,1,14,13,15,3,13,55,24,17,31,2,416,325.5,2,21,20,23,1,,,,,,,18,13,26,37,28,49,21,19,23,11411,11,10,13,2,220,172,581:1,1,75,58,1715:1,1,402,313,320:1,1,5125,2,,,5019,5425,5130,45,1,,40,60,,45,49,2,,49,33,31,49,1330,92,3,21373,31009,69,65,73,1,2112,59859,3.5,2,18,13,23,1,,,45,44,15,93725,19685,4.8,3,7717,24400,32,27,36,2,181,14.2,1,421,332,2,527,83,76,90,1,,,,,,,70,43,107,,,,86,78,94,9.9,2,Yes,4,13,12,15,12,10,13,1,1,2,1,0,1,3,86,84,88,3,,,,77,67,87,79,72,87,75,61,90,87,85,89,56840,23,21,25,1
47181,Tennessee,Wayne,325,9776,7909,11643,2,,,,,,,,,,,,,,,,24,23,25,4,4.7,4.5,4.9,3,4.8,4.5,5.0,2,,8,6,10,1,,,,,,,,,,,,,,,,25,24,26,4,35,26,44,3,7.4,3,41,32,50,4,71,1,14,13,14,3,5,15,33,19,47,4,41,247.2,1,33,27,41,2,,,,,,,,,,,,,,,,1341,12,10,14,2,5,30,3317:1,4,1,6,16558:1,4,4,24,4140:1,4,5925,3,,,,,,34,4,,,,,,45,3,,,,,,164,96,1,1756,4376,40,34,46,4,298,6109,4.9,4,28,19,36,4,,,,35,28,74365,15274,4.9,3,921,3058,30,19,41,2,13,7.8,3,50,297,2,81,97,77,121,3,,,,,,,,,,,,,,,,9.7,1,No,1,12,9,16,11,8,14,1,0,2,1,0,1,2,84,79,89,2,,,,,,,,,,,,,,,,5681,43,37,49,3
47183,Tennessee,Weakley,562,9602,8319,10885,2,,,,,,,,,,,,,,,,22,21,23,3,4.6,4.4,4.8,3,4.9,4.7,5.1,3,,8,7,9,1,,,,,,,14,9,19,,,,7,6,8,22,21,23,2,39,32,46,4,7.2,4,34,28,42,4,25,4,14,13,14,2,3,22,14,4,26,1,189,566.9,4,19,16,21,1,,,,,,,13,8,21,,,,20,17,23,2657,10,9,12,1,19,57,1755:1,1,9,27,3713:1,3,12,36,2785:1,3,5939,3,,,2834,,5947,38,3,,,31,,39,44,3,,,33,,45,355,92,3,4010,7100,56,51,62,1,675,16008,4.2,3,22,16,29,2,,,46,66,21,77615,16469,4.7,3,2137,6529,33,26,40,2,56,16.8,1,70,204,1,141,84,70,97,1,,,,,,,,,,,,,,,,10.6,4,No,1,12,10,14,11,9,13,1,0,1,0,0,1,1,84,83,85,2,,,,,,,72,66,77,,,,85,84,86,14164,23,20,26,1
47185,Tennessee,White,567,10250,8910,11590,2,,,,,,,,,,,,,,,,25,24,26,4,5.0,4.8,5.2,4,5.1,4.9,5.3,4,,8,7,10,2,,,,,,,,,,,,,,,,23,23,24,3,31,24,40,2,7.9,2,23,16,30,1,36,4,13,13,14,2,7,26,27,17,38,3,88,328.9,3,42,37,48,4,,,,,,,,,,,,,,,,2384,11,10,13,2,9,34,2973:1,3,10,37,2711:1,2,4,15,6777:1,4,5351,2,,,,,,45,1,,,57,77,45,52,1,,,51,51,53,276,94,2,2979,6042,49,42,57,2,439,11907,3.7,2,25,17,32,3,,,16,7,26,75893,17994,4.2,1,1523,5905,26,18,34,1,25,9.3,3,68,254,2,149,112,94,130,4,,,,,,,,,,,,,,,,9.5,1,No,1,13,10,16,10,8,13,2,1,3,1,0,2,2,87,83,90,4,,,,,,,,,,,,,,,,9803,31,26,36,2
47187,Tennessee,Williamson,1565,4094,3780,4408,1,,,,,,,6408,4709,8522,,,,4171,3825,4516,14,13,14,1,3.4,3.3,3.6,1,3.8,3.6,4.0,1,,7,6,7,1,,,,9,7,11,12,10,15,8,7,10,6,6,6,15,15,16,1,22,17,27,1,9.2,1,18,14,22,1,80,1,16,16,17,4,16,75,21,16,28,1,358,158.2,1,6,5,6,1,,,,,,,16,11,21,19,14,24,4,4,5,12631,6,6,7,1,339,150,667:1,1,179,77,1295:1,1,399,172,581:1,1,3118,1,,1197,5371,1086,3028,49,1,,45,46,39,49,56,1,,58,43,43,57,2903,96,2,45522,52242,87,84,90,1,3056,123205,2.5,1,4,2,5,1,,3,7,23,3,201620,50303,4.0,1,7946,60336,13,11,15,1,281,12.4,1,294,140,1,600,55,50,59,1,,,,,,,55,37,80,23,12,40,59,54,63,11.0,4,No,1,10,9,11,9,8,10,1,1,1,1,1,1,1,81,80,82,1,,,,79,75,82,85,81,89,74,67,81,83,82,85,108103,45,43,47,3
47189,Tennessee,Wilson,1735,7063,6542,7585,1,,,,,,,10867,8466,13269,,,,6838,6288,7388,17,16,17,1,3.8,3.6,4.0,1,4.1,3.9,4.3,1,,9,8,9,2,,,,7,4,10,18,16,21,7,5,9,8,7,9,18,18,19,1,37,31,44,4,8.6,1,21,16,27,1,58,2,17,16,18,4,32,90,36,30,41,4,373,273.4,2,21,19,23,1,,,,,,,27,21,34,35,26,46,20,18,22,9956,9,8,10,1,44,32,3101:1,3,60,43,2344:1,2,78,55,1803:1,2,5323,2,,,7237,4384,5150,44,1,,38,44,29,44,54,1,,49,46,49,55,1572,96,1,23241,33709,69,65,73,1,2031,73090,2.8,1,10,7,13,1,,3,37,22,8,128443,32495,4.0,1,7725,31630,24,21,28,1,133,9.7,3,388,303,2,515,78,71,84,1,,,,,,,68,47,96,,,,81,74,88,11.1,4,No,1,12,11,14,11,9,12,1,1,2,1,1,1,2,82,81,84,1,,,,67,50,85,85,78,92,77,71,82,81,80,82,64767,52,49,54,4